participant,load,region,measure,contrast,balanced_contrast_mean,resample_sd,resample_ci2_5,resample_ci97_5
VP001,2,Central,entropy__sample_entropy,2T_minus_2NT,-0.04456035731037858,0.013489426747399618,-0.07185759782748681,-0.01797457077171141
VP001,2,Central,entropy__mse,2T_minus_2NT,-0.04798656542608778,0.01850413516029094,-0.08445873320030857,-0.010903873999413376
VP001,2,Central,sensitivity__mse__scale1,2T_minus_2NT,-0.04456035731037858,0.013489426747399618,-0.07185759782748681,-0.01797457077171141
VP001,2,Central,sensitivity__mse__scale2,2T_minus_2NT,-0.06205627609896168,0.02112728481233089,-0.10163242646692443,-0.01968516395281964
VP001,2,Central,sensitivity__mse__scale3,2T_minus_2NT,-0.10394966400810175,0.029407194223620783,-0.1607352345565909,-0.04695585681770466
VP001,2,Central,sensitivity__mse__scale4,2T_minus_2NT,0.014571619472180497,0.031255332607092325,-0.045777619941255177,0.07801094925812377
VP001,2,Central,sensitivity__mse__scale5,2T_minus_2NT,,,,
VP001,2,Frontal,entropy__sample_entropy,2T_minus_2NT,-0.013725111754681064,0.013921841994620309,-0.04118487150208408,0.012932367873906373
VP001,2,Frontal,entropy__mse,2T_minus_2NT,-0.014886298814939391,0.021496840398632387,-0.05731440996290598,0.02541219980698073
VP001,2,Frontal,sensitivity__mse__scale1,2T_minus_2NT,-0.013725111754681064,0.013921841994620309,-0.04118487150208408,0.012932367873906373
VP001,2,Frontal,sensitivity__mse__scale2,2T_minus_2NT,-0.020883927480508154,0.02330947190357191,-0.06594721943053171,0.02338591591997317
VP001,2,Frontal,sensitivity__mse__scale3,2T_minus_2NT,-0.02826326786624753,0.026919800602670425,-0.08215512102788201,0.021982824995913256
VP001,2,Frontal,sensitivity__mse__scale4,2T_minus_2NT,0.0046006284664764805,0.025470173937962137,-0.04607287940600112,0.050998135653848566
VP001,2,Frontal,sensitivity__mse__scale5,2T_minus_2NT,,,,
VP001,2,Occipital,entropy__sample_entropy,2T_minus_2NT,-0.02757930659949921,0.014035876312843724,-0.05599018028604521,-0.0022335535175767363
VP001,2,Occipital,entropy__mse,2T_minus_2NT,-0.05678219758074122,0.018519863098330203,-0.09348485445172,-0.021529759905213112
VP001,2,Occipital,sensitivity__mse__scale1,2T_minus_2NT,-0.02757930659949921,0.014035876312843724,-0.05599018028604521,-0.0022335535175767363
VP001,2,Occipital,sensitivity__mse__scale2,2T_minus_2NT,-0.06293299881649979,0.02367986592546283,-0.11004622310457596,-0.02127375904092056
VP001,2,Occipital,sensitivity__mse__scale3,2T_minus_2NT,0.006923043824351531,0.031580906839035014,-0.05508448729248777,0.06568474577661941
VP001,2,Occipital,sensitivity__mse__scale4,2T_minus_2NT,-0.15368205210886424,0.03525835606212036,-0.22047750517981643,-0.08601939912842321
VP001,2,Occipital,sensitivity__mse__scale5,2T_minus_2NT,,,,
VP001,2,Parietal,entropy__sample_entropy,2T_minus_2NT,-0.04491541752103144,0.012288970968123395,-0.07018246739017707,-0.022163298284608293
VP001,2,Parietal,entropy__mse,2T_minus_2NT,-0.06312006643647498,0.01406830749913553,-0.09131958139160923,-0.03661865330392747
VP001,2,Parietal,sensitivity__mse__scale1,2T_minus_2NT,-0.04491541752103144,0.012288970968123395,-0.07018246739017707,-0.022163298284608293
VP001,2,Parietal,sensitivity__mse__scale2,2T_minus_2NT,-0.07897926002499905,0.017148981082595383,-0.11324448520150181,-0.04536829360919975
VP001,2,Parietal,sensitivity__mse__scale3,2T_minus_2NT,-0.08959469642637112,0.021723932181002218,-0.13034588945182146,-0.04593866505471027
VP001,2,Parietal,sensitivity__mse__scale4,2T_minus_2NT,-0.042916790222921594,0.023361534293647967,-0.0868327482673973,0.0025116706327839656
VP001,2,Parietal,sensitivity__mse__scale5,2T_minus_2NT,,,,
VP001,2,Temporal,entropy__sample_entropy,2T_minus_2NT,-0.016315584734051848,0.01559230797798947,-0.04631700567144641,0.013458389762334684
VP001,2,Temporal,entropy__mse,2T_minus_2NT,-0.002080366138978322,0.020408023131793598,-0.042963556173918935,0.03727611162836916
VP001,2,Temporal,sensitivity__mse__scale1,2T_minus_2NT,-0.016315584734051848,0.01559230797798947,-0.04631700567144641,0.013458389762334684
VP001,2,Temporal,sensitivity__mse__scale2,2T_minus_2NT,-0.02670285889115909,0.02531398542564933,-0.07631297869411245,0.022304710342356673
VP001,2,Temporal,sensitivity__mse__scale3,2T_minus_2NT,0.06089290715769194,0.03437055063945164,-0.006992802475428538,0.12523546400978136
VP001,2,Temporal,sensitivity__mse__scale4,2T_minus_2NT,-0.023251158196547467,0.03559551906049401,-0.09378670968716857,0.04302451472771468
VP001,2,Temporal,sensitivity__mse__scale5,2T_minus_2NT,,,,
VP001,2,WholeBrain,entropy__sample_entropy,2T_minus_2NT,-0.028723755292446695,0.010780077630398765,-0.049534032112521234,-0.009377581939066473
VP001,2,WholeBrain,entropy__mse,2T_minus_2NT,-0.037510603792537366,0.014369303606539544,-0.06509960504665516,-0.01053349254053899
VP001,2,WholeBrain,sensitivity__mse__scale1,2T_minus_2NT,-0.028723755292446695,0.010780077630398765,-0.049534032112521234,-0.009377581939066473
VP001,2,WholeBrain,sensitivity__mse__scale2,2T_minus_2NT,-0.04888964589426016,0.015809083942726305,-0.08007356451583511,-0.018672699036949274
VP001,2,WholeBrain,sensitivity__mse__scale3,2T_minus_2NT,-0.04521950522378918,0.018980821176746224,-0.0808121811744883,-0.007583431525049614
VP001,2,WholeBrain,sensitivity__mse__scale4,2T_minus_2NT,-0.027576594891680274,0.018072211934941813,-0.06375322131980406,0.006984836291220611
VP001,2,WholeBrain,sensitivity__mse__scale5,2T_minus_2NT,,,,
VP001,3,Central,entropy__sample_entropy,3T_minus_3NT,0.0012447318333679346,0.01612793791676742,-0.02960844251226489,0.03266948906364395
VP001,3,Central,entropy__mse,3T_minus_3NT,-0.008302285143783774,0.022087540416899736,-0.04927247628807907,0.033694813072805745
VP001,3,Central,sensitivity__mse__scale1,3T_minus_3NT,0.0012447318333679346,0.01612793791676742,-0.02960844251226489,0.03266948906364395
VP001,3,Central,sensitivity__mse__scale2,3T_minus_3NT,-0.017627674382874537,0.026148572545904455,-0.06729731365242336,0.03371572815586021
VP001,3,Central,sensitivity__mse__scale3,3T_minus_3NT,-0.0729833640352782,0.02997474927273114,-0.12654981826179806,-0.013836103627931463
VP001,3,Central,sensitivity__mse__scale4,3T_minus_3NT,0.05604452407960538,0.03423499595955178,-0.014755154993612423,0.12222413061318807
VP001,3,Central,sensitivity__mse__scale5,3T_minus_3NT,,,,
VP001,3,Frontal,entropy__sample_entropy,3T_minus_3NT,0.0024453515520521576,0.015527193528286949,-0.028062007656504715,0.03177771899702047
VP001,3,Frontal,entropy__mse,3T_minus_3NT,-0.005554661927337669,0.021413682921606097,-0.0471010042182751,0.034685804567509144
VP001,3,Frontal,sensitivity__mse__scale1,3T_minus_3NT,0.0024453515520521576,0.015527193528286949,-0.028062007656504715,0.03177771899702047
VP001,3,Frontal,sensitivity__mse__scale2,3T_minus_3NT,-0.0035903052762885756,0.023645934193726872,-0.049468778535003526,0.04010733525226112
VP001,3,Frontal,sensitivity__mse__scale3,3T_minus_3NT,-0.001087367712492536,0.025670743336491643,-0.050536796582874216,0.04783886405126597
VP001,3,Frontal,sensitivity__mse__scale4,3T_minus_3NT,-0.019606108810629755,0.024506468193117952,-0.06855986753019264,0.027260752058788144
VP001,3,Frontal,sensitivity__mse__scale5,3T_minus_3NT,,,,
VP001,3,Occipital,entropy__sample_entropy,3T_minus_3NT,0.043122668260085414,0.015240413885998226,0.011821492045956361,0.072266744907025
VP001,3,Occipital,entropy__mse,3T_minus_3NT,0.039724049804743554,0.016936281916124295,0.00635669599606205,0.07244998416363299
VP001,3,Occipital,sensitivity__mse__scale1,3T_minus_3NT,0.043122668260085414,0.015240413885998226,0.011821492045956361,0.072266744907025
VP001,3,Occipital,sensitivity__mse__scale2,3T_minus_3NT,0.05088447339110835,0.022348661159039235,0.008965423154805655,0.09251817689478904
VP001,3,Occipital,sensitivity__mse__scale3,3T_minus_3NT,0.036688673437811334,0.03314668276338086,-0.026926185920717972,0.09907735162859696
VP001,3,Occipital,sensitivity__mse__scale4,3T_minus_3NT,0.022568243600084092,0.03320736515387467,-0.0395026187172688,0.08676570515634728
VP001,3,Occipital,sensitivity__mse__scale5,3T_minus_3NT,,,,
VP001,3,Parietal,entropy__sample_entropy,3T_minus_3NT,0.0252944525364245,0.012303943941875325,-0.00015554159507373224,0.048795293710363036
VP001,3,Parietal,entropy__mse,3T_minus_3NT,0.02047257300197316,0.01419354733867797,-0.006409387938999905,0.04676890030602255
VP001,3,Parietal,sensitivity__mse__scale1,3T_minus_3NT,0.0252944525364245,0.012303943941875325,-0.00015554159507373224,0.048795293710363036
VP001,3,Parietal,sensitivity__mse__scale2,3T_minus_3NT,0.02678200828272392,0.01731464412009343,-0.007324357375284446,0.05994969873704751
VP001,3,Parietal,sensitivity__mse__scale3,3T_minus_3NT,0.025517143736150757,0.022982581337688636,-0.018439501155291936,0.06874352808176551
VP001,3,Parietal,sensitivity__mse__scale4,3T_minus_3NT,0.012984644530059437,0.020803616000402616,-0.029334297904492303,0.05225861854790719
VP001,3,Parietal,sensitivity__mse__scale5,3T_minus_3NT,,,,
VP001,3,Temporal,entropy__sample_entropy,3T_minus_3NT,0.006854337249687658,0.013965225998275172,-0.021953327353661213,0.03251341573661644
VP001,3,Temporal,entropy__mse,3T_minus_3NT,0.0017726809376440668,0.018456333289253193,-0.03677022057467985,0.03697565973063964
VP001,3,Temporal,sensitivity__mse__scale1,3T_minus_3NT,0.006854337249687658,0.013965225998275172,-0.021953327353661213,0.03251341573661644
VP001,3,Temporal,sensitivity__mse__scale2,3T_minus_3NT,-0.04772279384929639,0.027773973111736273,-0.10217434982819393,0.005613629387911535
VP001,3,Temporal,sensitivity__mse__scale3,3T_minus_3NT,0.000770549228653026,0.03178845153776113,-0.060974193952869044,0.062306110553110514
VP001,3,Temporal,sensitivity__mse__scale4,3T_minus_3NT,0.0387018061363719,0.0411160148452581,-0.04263072587814831,0.11750244022883714
VP001,3,Temporal,sensitivity__mse__scale5,3T_minus_3NT,,,,
VP001,3,WholeBrain,entropy__sample_entropy,3T_minus_3NT,0.0143342790957188,0.01222953113062785,-0.009427501055704017,0.03766264591489026
VP001,3,WholeBrain,entropy__mse,3T_minus_3NT,0.007891518988400409,0.014842374556274622,-0.02110374996501611,0.03598554366739931
VP001,3,WholeBrain,sensitivity__mse__scale1,3T_minus_3NT,0.0143342790957188,0.01222953113062785,-0.009427501055704017,0.03766264591489026
VP001,3,WholeBrain,sensitivity__mse__scale2,3T_minus_3NT,0.007352483065408913,0.017395325005277656,-0.024757355875041798,0.041263079546439436
VP001,3,WholeBrain,sensitivity__mse__scale3,3T_minus_3NT,0.004021596972215596,0.01883947619547913,-0.033014555201058185,0.04125611456120073
VP001,3,WholeBrain,sensitivity__mse__scale4,3T_minus_3NT,0.0056133715993200994,0.017003208384231045,-0.02587464900517871,0.039170930941691225
VP001,3,WholeBrain,sensitivity__mse__scale5,3T_minus_3NT,,,,
VP002,2,Central,entropy__sample_entropy,2T_minus_2NT,-0.011618401375718818,0.01358930202395855,-0.037763777440657315,0.01399263654001366
VP002,2,Central,entropy__mse,2T_minus_2NT,-0.026705194875168578,0.0202276942043555,-0.0658604912346746,0.011879733659556834
VP002,2,Central,sensitivity__mse__scale1,2T_minus_2NT,-0.011618401375718818,0.01358930202395855,-0.037763777440657315,0.01399263654001366
VP002,2,Central,sensitivity__mse__scale2,2T_minus_2NT,-0.006995819730198058,0.023360526655843518,-0.051000859074223685,0.03765350487756625
VP002,2,Central,sensitivity__mse__scale3,2T_minus_2NT,-0.031839530799061606,0.029138469148023635,-0.08555690663149822,0.02548853878619787
VP002,2,Central,sensitivity__mse__scale4,2T_minus_2NT,-0.0582544072724576,0.03374671348939082,-0.12049653310787091,0.010242330670374292
VP002,2,Central,sensitivity__mse__scale5,2T_minus_2NT,,,,
VP002,2,Frontal,entropy__sample_entropy,2T_minus_2NT,-0.005588082307878647,0.009194890711789652,-0.02326200965026603,0.012710450525809202
VP002,2,Frontal,entropy__mse,2T_minus_2NT,-0.018015309554427303,0.015476336919311544,-0.04716607875906332,0.012549302656010992
VP002,2,Frontal,sensitivity__mse__scale1,2T_minus_2NT,-0.005588082307878647,0.009194890711789652,-0.02326200965026603,0.012710450525809202
VP002,2,Frontal,sensitivity__mse__scale2,2T_minus_2NT,-0.01187066972125345,0.015917596269156287,-0.04181941821348823,0.018833181893863935
VP002,2,Frontal,sensitivity__mse__scale3,2T_minus_2NT,-0.02462959192821868,0.019932476129243017,-0.0646464472348253,0.01458397178178448
VP002,2,Frontal,sensitivity__mse__scale4,2T_minus_2NT,-0.02924617853773234,0.021200856503615462,-0.06951929620191287,0.012472343307589718
VP002,2,Frontal,sensitivity__mse__scale5,2T_minus_2NT,,,,
VP002,2,Occipital,entropy__sample_entropy,2T_minus_2NT,-0.008566587790544736,0.014777589882782069,-0.03665714251491818,0.019899410182633293
VP002,2,Occipital,entropy__mse,2T_minus_2NT,0.025562549492910144,0.01814165272937965,-0.009097122950529658,0.06244381643228645
VP002,2,Occipital,sensitivity__mse__scale1,2T_minus_2NT,-0.008566587790544736,0.014777589882782069,-0.03665714251491818,0.019899410182633293
VP002,2,Occipital,sensitivity__mse__scale2,2T_minus_2NT,0.03283473576389991,0.023189105597860367,-0.014012630321410596,0.07905337550793537
VP002,2,Occipital,sensitivity__mse__scale3,2T_minus_2NT,0.029307798319643995,0.03250600620205068,-0.03227661521940356,0.09454248328401609
VP002,2,Occipital,sensitivity__mse__scale4,2T_minus_2NT,0.029911566102106966,0.037011899738725124,-0.04258796994846094,0.10147687609767073
VP002,2,Occipital,sensitivity__mse__scale5,2T_minus_2NT,,,,
VP002,2,Parietal,entropy__sample_entropy,2T_minus_2NT,-0.004883723092714575,0.012202692838540034,-0.02920931606309931,0.017630963457952564
VP002,2,Parietal,entropy__mse,2T_minus_2NT,-0.0010005786057404272,0.013814457418092755,-0.02897602340775765,0.024148246858273457
VP002,2,Parietal,sensitivity__mse__scale1,2T_minus_2NT,-0.004883723092714575,0.012202692838540034,-0.02920931606309931,0.017630963457952564
VP002,2,Parietal,sensitivity__mse__scale2,2T_minus_2NT,0.006187909371553225,0.01774419862603246,-0.029314434728278035,0.038789244837550356
VP002,2,Parietal,sensitivity__mse__scale3,2T_minus_2NT,0.01121420219509594,0.02198573178657036,-0.03307530487947183,0.05264900356273245
VP002,2,Parietal,sensitivity__mse__scale4,2T_minus_2NT,-0.006765919148759061,0.023604444252384536,-0.05165640425277834,0.03839736452837395
VP002,2,Parietal,sensitivity__mse__scale5,2T_minus_2NT,,,,
VP002,2,Temporal,entropy__sample_entropy,2T_minus_2NT,0.01669867217821166,0.01207398418831613,-0.0067990966345332915,0.03999613340230073
VP002,2,Temporal,entropy__mse,2T_minus_2NT,-0.0021157601197521456,0.01807602490103377,-0.03731502698811635,0.03258888117370708
VP002,2,Temporal,sensitivity__mse__scale1,2T_minus_2NT,0.01669867217821166,0.01207398418831613,-0.0067990966345332915,0.03999613340230073
VP002,2,Temporal,sensitivity__mse__scale2,2T_minus_2NT,0.023752739076310748,0.020376506019424253,-0.016686363354992156,0.06325878501803976
VP002,2,Temporal,sensitivity__mse__scale3,2T_minus_2NT,-0.05786269066986178,0.03366451942263843,-0.11962893310389333,0.007129737696610684
VP002,2,Temporal,sensitivity__mse__scale4,2T_minus_2NT,0.02414265369055497,0.0397902937320747,-0.05598866200163752,0.10285504103010178
VP002,2,Temporal,sensitivity__mse__scale5,2T_minus_2NT,,,,
VP002,2,WholeBrain,entropy__sample_entropy,2T_minus_2NT,-0.004735001298695128,0.009513149419394554,-0.02309010344051394,0.012991670568564949
VP002,2,WholeBrain,entropy__mse,2T_minus_2NT,-0.007672609604880072,0.012154782380301616,-0.03147411270409834,0.016121411381209212
VP002,2,WholeBrain,sensitivity__mse__scale1,2T_minus_2NT,-0.004735001298695128,0.009513149419394554,-0.02309010344051394,0.012991670568564949
VP002,2,WholeBrain,sensitivity__mse__scale2,2T_minus_2NT,0.0017905729879971273,0.014520438717032725,-0.026486889420597043,0.02850065870553198
VP002,2,WholeBrain,sensitivity__mse__scale3,2T_minus_2NT,-0.011747215506577605,0.016575630395811013,-0.04371882124111624,0.02023592762735854
VP002,2,WholeBrain,sensitivity__mse__scale4,2T_minus_2NT,-0.018927282592660518,0.016796254478247365,-0.05084877540568363,0.014447220500582895
VP002,2,WholeBrain,sensitivity__mse__scale5,2T_minus_2NT,,,,
VP002,3,Central,entropy__sample_entropy,3T_minus_3NT,-0.002735685268339297,0.011840423295369634,-0.02578787885325945,0.019828395153553013
VP002,3,Central,entropy__mse,3T_minus_3NT,-0.0003387428635718914,0.020168033828142886,-0.039180605800738136,0.039712852362189556
VP002,3,Central,sensitivity__mse__scale1,3T_minus_3NT,-0.002735685268339297,0.011840423295369634,-0.02578787885325945,0.019828395153553013
VP002,3,Central,sensitivity__mse__scale2,3T_minus_3NT,0.005539002771914946,0.020960441793992587,-0.034697422274752435,0.047368811414160286
VP002,3,Central,sensitivity__mse__scale3,3T_minus_3NT,0.0014278831813800965,0.029482522710891388,-0.05591809864936862,0.06153001168097259
VP002,3,Central,sensitivity__mse__scale4,3T_minus_3NT,-0.02077234709449593,0.03597425126480634,-0.09143605737930016,0.0501754213934809
VP002,3,Central,sensitivity__mse__scale5,3T_minus_3NT,,,,
VP002,3,Frontal,entropy__sample_entropy,3T_minus_3NT,-0.0009365173954616027,0.011386604663745498,-0.02358352751829345,0.020557940126268142
VP002,3,Frontal,entropy__mse,3T_minus_3NT,0.009471509814570274,0.018092257505095993,-0.025557587469113675,0.0446995868168252
VP002,3,Frontal,sensitivity__mse__scale1,3T_minus_3NT,-0.0009365173954616027,0.011386604663745498,-0.02358352751829345,0.020557940126268142
VP002,3,Frontal,sensitivity__mse__scale2,3T_minus_3NT,-0.0007147306842210231,0.020702002503605828,-0.04229279593601526,0.03823711655205054
VP002,3,Frontal,sensitivity__mse__scale3,3T_minus_3NT,0.018182229403497112,0.021531433122123574,-0.02420710210517705,0.061110563319943884
VP002,3,Frontal,sensitivity__mse__scale4,3T_minus_3NT,0.025125524661605562,0.023434487425832515,-0.020801134688407386,0.0728751119844615
VP002,3,Frontal,sensitivity__mse__scale5,3T_minus_3NT,,,,
VP002,3,Occipital,entropy__sample_entropy,3T_minus_3NT,0.0070822683719552765,0.015765549014225,-0.023597514713466012,0.03808683913269902
VP002,3,Occipital,entropy__mse,3T_minus_3NT,-0.017157727202870714,0.019961059951094474,-0.05424929566164631,0.021989634302165516
VP002,3,Occipital,sensitivity__mse__scale1,3T_minus_3NT,0.0070822683719552765,0.015765549014225,-0.023597514713466012,0.03808683913269902
VP002,3,Occipital,sensitivity__mse__scale2,3T_minus_3NT,0.008016224054591478,0.023597916529182614,-0.03878872063349752,0.05405535177232855
VP002,3,Occipital,sensitivity__mse__scale3,3T_minus_3NT,-0.03379283280570775,0.0363107135742689,-0.1039884359316646,0.03853609935019404
VP002,3,Occipital,sensitivity__mse__scale4,3T_minus_3NT,-0.08086425090305592,0.036047279499173836,-0.14960664993882308,-0.013500578671637831
VP002,3,Occipital,sensitivity__mse__scale5,3T_minus_3NT,,,,
VP002,3,Parietal,entropy__sample_entropy,3T_minus_3NT,0.0024635294653914544,0.010746879767839649,-0.018747736452763696,0.02385790782597564
VP002,3,Parietal,entropy__mse,3T_minus_3NT,0.011643469555434282,0.012748499462645932,-0.015054706194144346,0.037388084333786535
VP002,3,Parietal,sensitivity__mse__scale1,3T_minus_3NT,0.0024635294653914544,0.010746879767839649,-0.018747736452763696,0.02385790782597564
VP002,3,Parietal,sensitivity__mse__scale2,3T_minus_3NT,0.019635727009824747,0.014675429323446487,-0.010106452046307718,0.048683705837184364
VP002,3,Parietal,sensitivity__mse__scale3,3T_minus_3NT,0.02034192646646848,0.019564629148923457,-0.01853148016655205,0.0592955673182142
VP002,3,Parietal,sensitivity__mse__scale4,3T_minus_3NT,0.0090138356427693,0.023121910717084634,-0.036543513754614024,0.054313836932361706
VP002,3,Parietal,sensitivity__mse__scale5,3T_minus_3NT,,,,
VP002,3,Temporal,entropy__sample_entropy,3T_minus_3NT,-0.001737053812217683,0.012548941284578428,-0.025661822644633767,0.021760915111245865
VP002,3,Temporal,entropy__mse,3T_minus_3NT,0.021302439872343416,0.017111884621116513,-0.011911442223160528,0.05460252164444
VP002,3,Temporal,sensitivity__mse__scale1,3T_minus_3NT,-0.001737053812217683,0.012548941284578428,-0.025661822644633767,0.021760915111245865
VP002,3,Temporal,sensitivity__mse__scale2,3T_minus_3NT,0.039775236107906224,0.021802957362846338,-0.002829685260696911,0.08176858537573307
VP002,3,Temporal,sensitivity__mse__scale3,3T_minus_3NT,0.0535293203153944,0.03114662604762044,-0.004166757119944941,0.11408091237668139
VP002,3,Temporal,sensitivity__mse__scale4,3T_minus_3NT,-0.013515214615145389,0.03729454792168855,-0.09098464843461937,0.057483837865825234
VP002,3,Temporal,sensitivity__mse__scale5,3T_minus_3NT,,,,
VP002,3,WholeBrain,entropy__sample_entropy,3T_minus_3NT,0.0007655612687448327,0.009064621131476977,-0.017553525480874622,0.01813935716859032
VP002,3,WholeBrain,entropy__mse,3T_minus_3NT,0.0071104751251619535,0.012030706698607795,-0.017111404929191405,0.03146915937060378
VP002,3,WholeBrain,sensitivity__mse__scale1,3T_minus_3NT,0.0007655612687448327,0.009064621131476977,-0.017553525480874622,0.01813935716859032
VP002,3,WholeBrain,sensitivity__mse__scale2,3T_minus_3NT,0.010324130652047249,0.01392320897742181,-0.018034065489469214,0.03697485850468475
VP002,3,WholeBrain,sensitivity__mse__scale3,3T_minus_3NT,0.013343556747366972,0.01535132900344767,-0.016435785969085247,0.043718198440453354
VP002,3,WholeBrain,sensitivity__mse__scale4,3T_minus_3NT,0.004215382782925282,0.016902978968203745,-0.027943074259119644,0.036513768713048546
VP002,3,WholeBrain,sensitivity__mse__scale5,3T_minus_3NT,,,,
VP003,2,Central,entropy__sample_entropy,2T_minus_2NT,0.008284259536887596,0.011584049106396929,-0.013888743467510827,0.03061726097661237
VP003,2,Central,entropy__mse,2T_minus_2NT,0.03271360108136637,0.017962625448538414,-0.0014126847299734343,0.06832225974076687
VP003,2,Central,sensitivity__mse__scale1,2T_minus_2NT,0.008284259536887596,0.011584049106396929,-0.013888743467510827,0.03061726097661237
VP003,2,Central,sensitivity__mse__scale2,2T_minus_2NT,0.031010739432848797,0.021300555992501167,-0.010741510537513821,0.07435628282857404
VP003,2,Central,sensitivity__mse__scale3,2T_minus_2NT,0.043890620857836696,0.025324041085342367,-0.003705194746210488,0.093900452870593
VP003,2,Central,sensitivity__mse__scale4,2T_minus_2NT,0.06003369938817944,0.03456666810000606,-0.00590041975348241,0.12563785760635962
VP003,2,Central,sensitivity__mse__scale5,2T_minus_2NT,,,,
VP003,2,Frontal,entropy__sample_entropy,2T_minus_2NT,0.0026244858358141824,0.015906394573158587,-0.029979413934015545,0.032821722588741754
VP003,2,Frontal,entropy__mse,2T_minus_2NT,0.005101405357773053,0.02415688808702775,-0.042951312414009984,0.05034612369805842
VP003,2,Frontal,sensitivity__mse__scale1,2T_minus_2NT,0.0026244858358141824,0.015906394573158587,-0.029979413934015545,0.032821722588741754
VP003,2,Frontal,sensitivity__mse__scale2,2T_minus_2NT,-0.002004942168010035,0.02705910899300343,-0.055978829725943674,0.04931653633493744
VP003,2,Frontal,sensitivity__mse__scale3,2T_minus_2NT,0.007791236089829052,0.02748817958818136,-0.04459962858160636,0.05931031919182252
VP003,2,Frontal,sensitivity__mse__scale4,2T_minus_2NT,0.01895898733822527,0.029243815392370927,-0.039025385391322255,0.07407561740387132
VP003,2,Frontal,sensitivity__mse__scale5,2T_minus_2NT,,,,
VP003,2,Occipital,entropy__sample_entropy,2T_minus_2NT,-0.007913409870880784,0.010727530532560283,-0.028706624895436218,0.011265558597236743
VP003,2,Occipital,entropy__mse,2T_minus_2NT,0.02346375390897263,0.012600833990053139,-0.0012030141306658957,0.04829753464768451
VP003,2,Occipital,sensitivity__mse__scale1,2T_minus_2NT,-0.007913409870880784,0.010727530532560283,-0.028706624895436218,0.011265558597236743
VP003,2,Occipital,sensitivity__mse__scale2,2T_minus_2NT,-0.01893024238300653,0.020176813820125778,-0.058983116853775955,0.018759447899619027
VP003,2,Occipital,sensitivity__mse__scale3,2T_minus_2NT,0.07283263768463706,0.026679823648896362,0.02033152137909155,0.12481487018845563
VP003,2,Occipital,sensitivity__mse__scale4,2T_minus_2NT,0.039065857796698515,0.02925580301738952,-0.017784646423844908,0.09514917745512207
VP003,2,Occipital,sensitivity__mse__scale5,2T_minus_2NT,,,,
VP003,2,Parietal,entropy__sample_entropy,2T_minus_2NT,0.0035440256135927644,0.010669109193430676,-0.017194570426180757,0.02317199447507959
VP003,2,Parietal,entropy__mse,2T_minus_2NT,0.011641744225654503,0.01349141965724213,-0.014156760108295658,0.03677488881026592
VP003,2,Parietal,sensitivity__mse__scale1,2T_minus_2NT,0.0035440256135927644,0.010669109193430676,-0.017194570426180757,0.02317199447507959
VP003,2,Parietal,sensitivity__mse__scale2,2T_minus_2NT,0.010762368911903358,0.016662166799868317,-0.02209433193123918,0.04197919744548732
VP003,2,Parietal,sensitivity__mse__scale3,2T_minus_2NT,0.0023643127891357974,0.02036719814010928,-0.036091399361181775,0.0415811873345884
VP003,2,Parietal,sensitivity__mse__scale4,2T_minus_2NT,0.02683364060296128,0.020619818027327683,-0.014787705132534268,0.06584641324927587
VP003,2,Parietal,sensitivity__mse__scale5,2T_minus_2NT,,,,
VP003,2,Temporal,entropy__sample_entropy,2T_minus_2NT,0.004180614863919578,0.01574228364028269,-0.027034463751643256,0.03525457685962661
VP003,2,Temporal,entropy__mse,2T_minus_2NT,-0.001322782557278135,0.019153748527859924,-0.04003751891672993,0.034327545006828775
VP003,2,Temporal,sensitivity__mse__scale1,2T_minus_2NT,0.004180614863919578,0.01574228364028269,-0.027034463751643256,0.03525457685962661
VP003,2,Temporal,sensitivity__mse__scale2,2T_minus_2NT,0.006627595334423755,0.025225890963580206,-0.04483824982214816,0.05240449154511714
VP003,2,Temporal,sensitivity__mse__scale3,2T_minus_2NT,0.06925250063450948,0.030723723055441212,0.008896984165000529,0.12700499425781117
VP003,2,Temporal,sensitivity__mse__scale4,2T_minus_2NT,-0.10011935094108367,0.03915447176946619,-0.17690576515854337,-0.027377926241335428
VP003,2,Temporal,sensitivity__mse__scale5,2T_minus_2NT,,,,
VP003,2,WholeBrain,entropy__sample_entropy,2T_minus_2NT,0.0025085483372195867,0.010664483730528945,-0.018399808043976076,0.022898682940857475
VP003,2,WholeBrain,entropy__mse,2T_minus_2NT,0.011670630600816207,0.014740622790887396,-0.015868761745511346,0.03955622788506142
VP003,2,WholeBrain,sensitivity__mse__scale1,2T_minus_2NT,0.0025085483372195867,0.010664483730528945,-0.018399808043976076,0.022898682940857475
VP003,2,WholeBrain,sensitivity__mse__scale2,2T_minus_2NT,0.004457954608721923,0.017520049085988556,-0.029544604114833027,0.03816436850554959
VP003,2,WholeBrain,sensitivity__mse__scale3,2T_minus_2NT,0.02204115724388226,0.01783762750061991,-0.01202972027480708,0.057852669821930526
VP003,2,WholeBrain,sensitivity__mse__scale4,2T_minus_2NT,0.020599201567364077,0.018053492226301454,-0.014000602140042138,0.05599482466210008
VP003,2,WholeBrain,sensitivity__mse__scale5,2T_minus_2NT,,,,
VP003,3,Central,entropy__sample_entropy,3T_minus_3NT,0.029130674396130034,0.012117490821029224,0.005358608282936906,0.052272303668775444
VP003,3,Central,entropy__mse,3T_minus_3NT,0.03541594701212442,0.018669779544001397,-0.00044424489994601625,0.06910717497958475
VP003,3,Central,sensitivity__mse__scale1,3T_minus_3NT,0.029130674396130034,0.012117490821029224,0.005358608282936906,0.052272303668775444
VP003,3,Central,sensitivity__mse__scale2,3T_minus_3NT,0.06857647456362204,0.018728235606436654,0.032318435140760604,0.10413152331653647
VP003,3,Central,sensitivity__mse__scale3,3T_minus_3NT,0.031312367069302134,0.02807803768811053,-0.024160076529226953,0.08185503520062691
VP003,3,Central,sensitivity__mse__scale4,3T_minus_3NT,-0.0013827263451311955,0.033665188180479935,-0.06840920334308061,0.06286994476573778
VP003,3,Central,sensitivity__mse__scale5,3T_minus_3NT,,,,
VP003,3,Frontal,entropy__sample_entropy,3T_minus_3NT,-0.024565656256815963,0.01858796977702205,-0.06295847978537164,0.011166732856549358
VP003,3,Frontal,entropy__mse,3T_minus_3NT,-0.055593395241685925,0.02864640995050112,-0.11230053840706014,-0.0005712989416773437
VP003,3,Frontal,sensitivity__mse__scale1,3T_minus_3NT,-0.024565656256815963,0.01858796977702205,-0.06295847978537164,0.011166732856549358
VP003,3,Frontal,sensitivity__mse__scale2,3T_minus_3NT,-0.03972172807465435,0.03108955068162768,-0.10211683599960263,0.01979669286495226
VP003,3,Frontal,sensitivity__mse__scale3,3T_minus_3NT,-0.07890756374913764,0.03459382802339957,-0.14877705727702534,-0.013098637549981767
VP003,3,Frontal,sensitivity__mse__scale4,3T_minus_3NT,-0.08329557895506624,0.0335622905336189,-0.1526203833081548,-0.020311953199272488
VP003,3,Frontal,sensitivity__mse__scale5,3T_minus_3NT,,,,
VP003,3,Occipital,entropy__sample_entropy,3T_minus_3NT,0.012191073723367883,0.011796388135066864,-0.010351295926142885,0.03431274706464863
VP003,3,Occipital,entropy__mse,3T_minus_3NT,0.014256759125432776,0.017534309327583437,-0.01917786300649149,0.04954250375435557
VP003,3,Occipital,sensitivity__mse__scale1,3T_minus_3NT,0.012191073723367883,0.011796388135066864,-0.010351295926142885,0.03431274706464863
VP003,3,Occipital,sensitivity__mse__scale2,3T_minus_3NT,0.005195544681601781,0.019502108492050862,-0.031738024871023084,0.04531086517121554
VP003,3,Occipital,sensitivity__mse__scale3,3T_minus_3NT,0.018121693427214994,0.03325280034280972,-0.049986274230750395,0.08394977044947385
VP003,3,Occipital,sensitivity__mse__scale4,3T_minus_3NT,0.015511717800169753,0.031962080146878645,-0.047061534314855005,0.076987673758684
VP003,3,Occipital,sensitivity__mse__scale5,3T_minus_3NT,,,,
VP003,3,Parietal,entropy__sample_entropy,3T_minus_3NT,0.03142715096850291,0.010423829027839114,0.011927403548243131,0.051284132783019354
VP003,3,Parietal,entropy__mse,3T_minus_3NT,0.04096389055080736,0.01345806736938751,0.015485450093181469,0.0668949032161502
VP003,3,Parietal,sensitivity__mse__scale1,3T_minus_3NT,0.03142715096850291,0.010423829027839114,0.011927403548243131,0.051284132783019354
VP003,3,Parietal,sensitivity__mse__scale2,3T_minus_3NT,0.04199322663931864,0.015402220287221083,0.01155867975684647,0.07196137563146453
VP003,3,Parietal,sensitivity__mse__scale3,3T_minus_3NT,0.030476535764602266,0.022885820591640904,-0.013451610721289975,0.07443778801388841
VP003,3,Parietal,sensitivity__mse__scale4,3T_minus_3NT,0.05149269927660672,0.020876389178379442,0.010739400199946908,0.09233682953297838
VP003,3,Parietal,sensitivity__mse__scale5,3T_minus_3NT,,,,
VP003,3,Temporal,entropy__sample_entropy,3T_minus_3NT,0.005464613280100081,0.019392332087936885,-0.030397729694611516,0.04203767207406715
VP003,3,Temporal,entropy__mse,3T_minus_3NT,0.04834033695337305,0.021843300190465317,0.003813649247242318,0.08916520808981823
VP003,3,Temporal,sensitivity__mse__scale1,3T_minus_3NT,0.005464613280100081,0.019392332087936885,-0.030397729694611516,0.04203767207406715
VP003,3,Temporal,sensitivity__mse__scale2,3T_minus_3NT,0.08547342202648343,0.026589540158192655,0.0325893930837067,0.13782984908369925
VP003,3,Temporal,sensitivity__mse__scale3,3T_minus_3NT,0.06288065679968083,0.03353086201338833,-0.002717267674801093,0.12405081567078859
VP003,3,Temporal,sensitivity__mse__scale4,3T_minus_3NT,0.04466345695434772,0.03637873559990795,-0.02072123478421442,0.11614873573317949
VP003,3,Temporal,sensitivity__mse__scale5,3T_minus_3NT,,,,
VP003,3,WholeBrain,entropy__sample_entropy,3T_minus_3NT,0.005268450386080075,0.011638806311052576,-0.019561976020056444,0.02694724665883297
VP003,3,WholeBrain,entropy__mse,3T_minus_3NT,0.00010165927207625791,0.016713060223542513,-0.034689304572873364,0.03231979831326709
VP003,3,WholeBrain,sensitivity__mse__scale1,3T_minus_3NT,0.005268450386080075,0.011638806311052576,-0.019561976020056444,0.02694724665883297
VP003,3,WholeBrain,sensitivity__mse__scale2,3T_minus_3NT,0.011902247597189537,0.018133195074892455,-0.025926980233453197,0.04581631470679802
VP003,3,WholeBrain,sensitivity__mse__scale3,3T_minus_3NT,-0.011389061536088822,0.02170440936630307,-0.054713520497229315,0.030917734252452266
VP003,3,WholeBrain,sensitivity__mse__scale4,3T_minus_3NT,-0.008946604565345719,0.01983617890316632,-0.04759505522596527,0.027877813863489018
VP003,3,WholeBrain,sensitivity__mse__scale5,3T_minus_3NT,,,,
VP004,2,Central,entropy__sample_entropy,2T_minus_2NT,0.005169661773632343,0.015176493332353921,-0.024687351976515275,0.034626535735104984
VP004,2,Central,entropy__mse,2T_minus_2NT,0.022415667779930225,0.021354137132224074,-0.019181948099998108,0.06398585372454661
VP004,2,Central,sensitivity__mse__scale1,2T_minus_2NT,0.005169661773632343,0.015176493332353921,-0.024687351976515275,0.034626535735104984
VP004,2,Central,sensitivity__mse__scale2,2T_minus_2NT,0.015678290279125283,0.026142815802921004,-0.036384415137453295,0.06431789623577766
VP004,2,Central,sensitivity__mse__scale3,2T_minus_2NT,0.009504450833978573,0.029240129073026255,-0.04648569107238777,0.06823285652880051
VP004,2,Central,sensitivity__mse__scale4,2T_minus_2NT,0.07094498565389182,0.03652816133483591,0.0006964967229339037,0.14044585958550726
VP004,2,Central,sensitivity__mse__scale5,2T_minus_2NT,,,,
VP004,2,Frontal,entropy__sample_entropy,2T_minus_2NT,-0.0013764433207625432,0.019150624188833357,-0.03760592393479161,0.036506230011003706
VP004,2,Frontal,entropy__mse,2T_minus_2NT,-0.006292962745316791,0.03180460953860141,-0.06930126725282275,0.05861210051438687
VP004,2,Frontal,sensitivity__mse__scale1,2T_minus_2NT,-0.0013764433207625432,0.019150624188833357,-0.03760592393479161,0.036506230011003706
VP004,2,Frontal,sensitivity__mse__scale2,2T_minus_2NT,-0.010029988984641316,0.03392952651593641,-0.07680782286574182,0.05715628620631003
VP004,2,Frontal,sensitivity__mse__scale3,2T_minus_2NT,-0.004693591003052923,0.03992408270021982,-0.08508136083979069,0.0774158978720951
VP004,2,Frontal,sensitivity__mse__scale4,2T_minus_2NT,-0.00877348307732986,0.03862028180044278,-0.08600527794741294,0.07003643762090009
VP004,2,Frontal,sensitivity__mse__scale5,2T_minus_2NT,,,,
VP004,2,Occipital,entropy__sample_entropy,2T_minus_2NT,0.011632453191486996,0.016027961699431575,-0.021404507153351373,0.04375055355883679
VP004,2,Occipital,entropy__mse,2T_minus_2NT,0.029561694030818403,0.020338091994184453,-0.01201348432560998,0.06882865943068969
VP004,2,Occipital,sensitivity__mse__scale1,2T_minus_2NT,0.011632453191486996,0.016027961699431575,-0.021404507153351373,0.04375055355883679
VP004,2,Occipital,sensitivity__mse__scale2,2T_minus_2NT,0.0426213358706878,0.024529249990913823,-0.0065445930980475965,0.08695985060139219
VP004,2,Occipital,sensitivity__mse__scale3,2T_minus_2NT,0.034676101480379765,0.029273042691403572,-0.021914315071772664,0.0927639967360356
VP004,2,Occipital,sensitivity__mse__scale4,2T_minus_2NT,0.029720806140841795,0.035512651396131155,-0.04066199220034784,0.09799742874349353
VP004,2,Occipital,sensitivity__mse__scale5,2T_minus_2NT,,,,
VP004,2,Parietal,entropy__sample_entropy,2T_minus_2NT,0.0017558507773496078,0.01574835193368598,-0.02919125889268257,0.03221930632905407
VP004,2,Parietal,entropy__mse,2T_minus_2NT,0.0328583744087352,0.01847559312751257,-0.001703993829728877,0.07031416592620202
VP004,2,Parietal,sensitivity__mse__scale1,2T_minus_2NT,0.0017558507773496078,0.01574835193368598,-0.02919125889268257,0.03221930632905407
VP004,2,Parietal,sensitivity__mse__scale2,2T_minus_2NT,0.011066982433644519,0.02310525392822599,-0.03200538409477349,0.05664400095831338
VP004,2,Parietal,sensitivity__mse__scale3,2T_minus_2NT,0.05130159672634928,0.023281666313772147,0.008720946009723932,0.0977096634187918
VP004,2,Parietal,sensitivity__mse__scale4,2T_minus_2NT,0.07401570837329151,0.0237813926319519,0.03007799109582407,0.12286835061866579
VP004,2,Parietal,sensitivity__mse__scale5,2T_minus_2NT,,,,
VP004,2,Temporal,entropy__sample_entropy,2T_minus_2NT,0.019793867340405502,0.020897707088517403,-0.018860459827328584,0.06116468897353274
VP004,2,Temporal,entropy__mse,2T_minus_2NT,0.05078022644558773,0.030576063346755573,-0.00618503282702611,0.1086189091591183
VP004,2,Temporal,sensitivity__mse__scale1,2T_minus_2NT,0.019793867340405502,0.020897707088517403,-0.018860459827328584,0.06116468897353274
VP004,2,Temporal,sensitivity__mse__scale2,2T_minus_2NT,0.10394953686401269,0.03239265006718141,0.041355996989088234,0.1676369048439925
VP004,2,Temporal,sensitivity__mse__scale3,2T_minus_2NT,0.05718139935814943,0.041187537568856666,-0.017520797014449706,0.1362293842034989
VP004,2,Temporal,sensitivity__mse__scale4,2T_minus_2NT,0.016898119542307036,0.046109167101831605,-0.07569848845506616,0.10637675503621882
VP004,2,Temporal,sensitivity__mse__scale5,2T_minus_2NT,,,,
VP004,2,WholeBrain,entropy__sample_entropy,2T_minus_2NT,0.0032377092872831544,0.015288282265386623,-0.026576226054828626,0.03359875098613642
VP004,2,WholeBrain,entropy__mse,2T_minus_2NT,0.01728554706441281,0.021186108966845047,-0.023420674288088104,0.06082893136347006
VP004,2,WholeBrain,sensitivity__mse__scale1,2T_minus_2NT,0.0032377092872831544,0.015288282265386623,-0.026576226054828626,0.03359875098613642
VP004,2,WholeBrain,sensitivity__mse__scale2,2T_minus_2NT,0.013288246973186422,0.02433795608725138,-0.03526582855598862,0.06223066286332384
VP004,2,WholeBrain,sensitivity__mse__scale3,2T_minus_2NT,0.02339581564213897,0.025860015388320823,-0.027600630649608368,0.07755089576087186
VP004,2,WholeBrain,sensitivity__mse__scale4,2T_minus_2NT,0.029427641130089888,0.023706032687355875,-0.01484775087732571,0.07741799166680646
VP004,2,WholeBrain,sensitivity__mse__scale5,2T_minus_2NT,,,,
VP004,3,Central,entropy__sample_entropy,3T_minus_3NT,-0.01956579774260105,0.013055481945548212,-0.04553834340721411,0.0044849109125315815
VP004,3,Central,entropy__mse,3T_minus_3NT,-0.0325062876336854,0.01915259583600423,-0.07088040169748233,0.004265864128813447
VP004,3,Central,sensitivity__mse__scale1,3T_minus_3NT,-0.01956579774260105,0.013055481945548212,-0.04553834340721411,0.0044849109125315815
VP004,3,Central,sensitivity__mse__scale2,3T_minus_3NT,-0.03905778092145563,0.023446820592854783,-0.08888482609220023,0.0050640588758413315
VP004,3,Central,sensitivity__mse__scale3,3T_minus_3NT,-0.031633226337841686,0.02594408342949154,-0.08404723136286146,0.017267348476908837
VP004,3,Central,sensitivity__mse__scale4,3T_minus_3NT,-0.043753026069064574,0.037053119027390516,-0.11607338172350175,0.025080253380016446
VP004,3,Central,sensitivity__mse__scale5,3T_minus_3NT,,,,
VP004,3,Frontal,entropy__sample_entropy,3T_minus_3NT,-0.038453571734276666,0.01924933712784158,-0.07528874919293226,-0.0017503456042341306
VP004,3,Frontal,entropy__mse,3T_minus_3NT,-0.07193972341831377,0.03355875521165616,-0.13542744521583155,-0.007199019203702427
VP004,3,Frontal,sensitivity__mse__scale1,3T_minus_3NT,-0.038453571734276666,0.01924933712784158,-0.07528874919293226,-0.0017503456042341306
VP004,3,Frontal,sensitivity__mse__scale2,3T_minus_3NT,-0.0805911789860708,0.03530292472243968,-0.1493426333248765,-0.01193185324730377
VP004,3,Frontal,sensitivity__mse__scale3,3T_minus_3NT,-0.09629125405988803,0.040700511443554244,-0.1724057117877849,-0.01493298724111069
VP004,3,Frontal,sensitivity__mse__scale4,3T_minus_3NT,-0.07232563296454522,0.04288843400610351,-0.15176500977983573,0.01474597555129557
VP004,3,Frontal,sensitivity__mse__scale5,3T_minus_3NT,,,,
VP004,3,Occipital,entropy__sample_entropy,3T_minus_3NT,0.013937284837857155,0.013731007885013241,-0.01186179719350035,0.04178623036764776
VP004,3,Occipital,entropy__mse,3T_minus_3NT,-0.025063534000189704,0.01659615208170599,-0.059106777895744006,0.005676170717807047
VP004,3,Occipital,sensitivity__mse__scale1,3T_minus_3NT,0.013937284837857155,0.013731007885013241,-0.01186179719350035,0.04178623036764776
VP004,3,Occipital,sensitivity__mse__scale2,3T_minus_3NT,0.011894351263172709,0.021425897129494973,-0.03068507376937235,0.05565766301617157
VP004,3,Occipital,sensitivity__mse__scale3,3T_minus_3NT,-0.0815453938831763,0.0318566726146665,-0.1394708373685505,-0.018027940970165943
VP004,3,Occipital,sensitivity__mse__scale4,3T_minus_3NT,-0.06498016420229596,0.032515652390106974,-0.12856531870506568,-0.0008550098322618847
VP004,3,Occipital,sensitivity__mse__scale5,3T_minus_3NT,,,,
VP004,3,Parietal,entropy__sample_entropy,3T_minus_3NT,-0.004988244044930563,0.012681775619496361,-0.029850464883848935,0.018773595423487825
VP004,3,Parietal,entropy__mse,3T_minus_3NT,-0.024431006673672907,0.01617556097947308,-0.057722535359279695,0.00566428011437684
VP004,3,Parietal,sensitivity__mse__scale1,3T_minus_3NT,-0.004988244044930563,0.012681775619496361,-0.029850464883848935,0.018773595423487825
VP004,3,Parietal,sensitivity__mse__scale2,3T_minus_3NT,-0.02212414463563039,0.020253681252016226,-0.061354087685156114,0.01716646252852272
VP004,3,Parietal,sensitivity__mse__scale3,3T_minus_3NT,-0.01364348104610908,0.021302591750609258,-0.0580452476159654,0.02436898339499036
VP004,3,Parietal,sensitivity__mse__scale4,3T_minus_3NT,-0.05637983996118145,0.022621122408587057,-0.09959923098432782,-0.0113806513229191
VP004,3,Parietal,sensitivity__mse__scale5,3T_minus_3NT,,,,
VP004,3,Temporal,entropy__sample_entropy,3T_minus_3NT,0.003970571095470718,0.015272323030805347,-0.02573875475280154,0.03172255650119062
VP004,3,Temporal,entropy__mse,3T_minus_3NT,0.0015562698315413745,0.0270379440576907,-0.052116296532956886,0.05359061727659963
VP004,3,Temporal,sensitivity__mse__scale1,3T_minus_3NT,0.003970571095470718,0.015272323030805347,-0.02573875475280154,0.03172255650119062
VP004,3,Temporal,sensitivity__mse__scale2,3T_minus_3NT,-0.005360411912844305,0.027288512175113876,-0.05715369340342196,0.04804859072398421
VP004,3,Temporal,sensitivity__mse__scale3,3T_minus_3NT,-0.02863071315386391,0.039971060998209955,-0.10562972985047257,0.04730121186082952
VP004,3,Temporal,sensitivity__mse__scale4,3T_minus_3NT,0.05197527047460295,0.04355726781315155,-0.03178408143514347,0.13089024611706448
VP004,3,Temporal,sensitivity__mse__scale5,3T_minus_3NT,,,,
VP004,3,WholeBrain,entropy__sample_entropy,3T_minus_3NT,-0.017029567214453804,0.013277512521843438,-0.04345204307336756,0.007248828693875233
VP004,3,WholeBrain,entropy__mse,3T_minus_3NT,-0.0421718908179661,0.02017395064292215,-0.08269676994963877,-0.005224426043565941
VP004,3,WholeBrain,sensitivity__mse__scale1,3T_minus_3NT,-0.017029567214453804,0.013277512521843438,-0.04345204307336756,0.007248828693875233
VP004,3,WholeBrain,sensitivity__mse__scale2,3T_minus_3NT,-0.04206540654885709,0.02278427922388437,-0.08911541226968125,-0.00044150378749168367
VP004,3,WholeBrain,sensitivity__mse__scale3,3T_minus_3NT,-0.05626951408054578,0.02474304521822091,-0.10442036607802774,-0.009525833419905294
VP004,3,WholeBrain,sensitivity__mse__scale4,3T_minus_3NT,-0.05587384967625114,0.025116124352599745,-0.10407405327424588,-0.006488333161122698
VP004,3,WholeBrain,sensitivity__mse__scale5,3T_minus_3NT,,,,
VP005,2,Central,entropy__sample_entropy,2T_minus_2NT,-0.013604731109031485,0.019187896973584,-0.05093099349089737,0.021260867417441657
VP005,2,Central,entropy__mse,2T_minus_2NT,-0.04106155215468356,0.0223948308216184,-0.08482740917128846,0.002138062384535792
VP005,2,Central,sensitivity__mse__scale1,2T_minus_2NT,-0.013604731109031485,0.019187896973584,-0.05093099349089737,0.021260867417441657
VP005,2,Central,sensitivity__mse__scale2,2T_minus_2NT,-0.02377914621158431,0.026420867003941643,-0.07607371693284805,0.027578724725038414
VP005,2,Central,sensitivity__mse__scale3,2T_minus_2NT,-0.047227086439841956,0.032719309914591516,-0.11309920956758004,0.015569434624564357
VP005,2,Central,sensitivity__mse__scale4,2T_minus_2NT,-0.06578626932833971,0.032359944409732916,-0.1266325430997132,-0.00127535272777338
VP005,2,Central,sensitivity__mse__scale5,2T_minus_2NT,,,,
VP005,2,Frontal,entropy__sample_entropy,2T_minus_2NT,-0.009577639970958927,0.015919477654216776,-0.04310704580431395,0.0203953151041804
VP005,2,Frontal,entropy__mse,2T_minus_2NT,-0.03339307014795367,0.020273173717812662,-0.07565057457451578,0.003936167116761269
VP005,2,Frontal,sensitivity__mse__scale1,2T_minus_2NT,-0.009577639970958927,0.015919477654216776,-0.04310704580431395,0.0203953151041804
VP005,2,Frontal,sensitivity__mse__scale2,2T_minus_2NT,-0.021512751526590865,0.023715164296609165,-0.07125882588656599,0.025790628123838838
VP005,2,Frontal,sensitivity__mse__scale3,2T_minus_2NT,-0.049928829251972215,0.022525396782924142,-0.09714163977805469,-0.005373037529985093
VP005,2,Frontal,sensitivity__mse__scale4,2T_minus_2NT,-0.05112791971377733,0.02285469806039853,-0.09642197758183492,-0.008330244415869362
VP005,2,Frontal,sensitivity__mse__scale5,2T_minus_2NT,,,,
VP005,2,Occipital,entropy__sample_entropy,2T_minus_2NT,-0.0032864736294861124,0.015288685978769178,-0.03202817247007166,0.025062488641242785
VP005,2,Occipital,entropy__mse,2T_minus_2NT,-0.05875547509337968,0.016924693656954592,-0.09291902368083944,-0.025746897119486623
VP005,2,Occipital,sensitivity__mse__scale1,2T_minus_2NT,-0.0032864736294861124,0.015288685978769178,-0.03202817247007166,0.025062488641242785
VP005,2,Occipital,sensitivity__mse__scale2,2T_minus_2NT,-0.049127001127993224,0.02114630254325566,-0.08818017857838498,-0.008758790153915726
VP005,2,Occipital,sensitivity__mse__scale3,2T_minus_2NT,-0.10783939654362615,0.03378160876845621,-0.17401741631771378,-0.03908220781305103
VP005,2,Occipital,sensitivity__mse__scale4,2T_minus_2NT,-0.08558891361091318,0.03428971587730187,-0.15335433858086903,-0.019007148254579626
VP005,2,Occipital,sensitivity__mse__scale5,2T_minus_2NT,,,,
VP005,2,Parietal,entropy__sample_entropy,2T_minus_2NT,-0.013114218617020458,0.016705281117065724,-0.047250929590086484,0.015866698874359843
VP005,2,Parietal,entropy__mse,2T_minus_2NT,-0.024392312351831938,0.015912720847303788,-0.05492931592786961,0.00479413891100288
VP005,2,Parietal,sensitivity__mse__scale1,2T_minus_2NT,-0.013114218617020458,0.016705281117065724,-0.047250929590086484,0.015866698874359843
VP005,2,Parietal,sensitivity__mse__scale2,2T_minus_2NT,-0.01078509247303164,0.020552180053790756,-0.05301254691408743,0.02775013570133911
VP005,2,Parietal,sensitivity__mse__scale3,2T_minus_2NT,-0.020064037199488082,0.021717287431188857,-0.062236380574469174,0.02199994463447874
VP005,2,Parietal,sensitivity__mse__scale4,2T_minus_2NT,-0.05224172160101667,0.021197606483984277,-0.09412727915593858,-0.0117629209070845
VP005,2,Parietal,sensitivity__mse__scale5,2T_minus_2NT,,,,
VP005,2,Temporal,entropy__sample_entropy,2T_minus_2NT,-0.03227830990679579,0.015387235926702924,-0.06359849608372756,-0.003959941419452107
VP005,2,Temporal,entropy__mse,2T_minus_2NT,-0.046543088773363155,0.0205225812377948,-0.08625807872484784,-0.006812762921783394
VP005,2,Temporal,sensitivity__mse__scale1,2T_minus_2NT,-0.03227830990679579,0.015387235926702924,-0.06359849608372756,-0.003959941419452107
VP005,2,Temporal,sensitivity__mse__scale2,2T_minus_2NT,-0.022819458924785464,0.024697915043627002,-0.07125844150926366,0.023019917697213798
VP005,2,Temporal,sensitivity__mse__scale3,2T_minus_2NT,-0.08706410861088974,0.03202609729439448,-0.15230601293151072,-0.026035919498436335
VP005,2,Temporal,sensitivity__mse__scale4,2T_minus_2NT,-0.06798484605212349,0.04028348053942094,-0.14806707686201634,0.010694413293559552
VP005,2,Temporal,sensitivity__mse__scale5,2T_minus_2NT,,,,
VP005,2,WholeBrain,entropy__sample_entropy,2T_minus_2NT,-0.012093294330817036,0.015087848606048126,-0.04161744035047926,0.015441711069103256
VP005,2,WholeBrain,entropy__mse,2T_minus_2NT,-0.034978280074460626,0.01624405471591351,-0.068079083603655,-0.005786425097080549
VP005,2,WholeBrain,sensitivity__mse__scale1,2T_minus_2NT,-0.012093294330817036,0.015087848606048126,-0.04161744035047926,0.015441711069103256
VP005,2,WholeBrain,sensitivity__mse__scale2,2T_minus_2NT,-0.021359409247074374,0.01953656428145227,-0.06105465036145911,0.015825284702008755
VP005,2,WholeBrain,sensitivity__mse__scale3,2T_minus_2NT,-0.0480625640690721,0.019062161676190195,-0.08798388061607888,-0.012367262801807461
VP005,2,WholeBrain,sensitivity__mse__scale4,2T_minus_2NT,-0.05816825451921322,0.01791350290724073,-0.09356971524036814,-0.023941231172418254
VP005,2,WholeBrain,sensitivity__mse__scale5,2T_minus_2NT,,,,
VP005,3,Central,entropy__sample_entropy,3T_minus_3NT,-0.031116761349380732,0.021027778619353673,-0.07374221454646661,0.01051202708549022
VP005,3,Central,entropy__mse,3T_minus_3NT,-0.06352558236050207,0.022501634212588786,-0.10649804547059179,-0.016994050943496108
VP005,3,Central,sensitivity__mse__scale1,3T_minus_3NT,-0.031116761349380732,0.021027778619353673,-0.07374221454646661,0.01051202708549022
VP005,3,Central,sensitivity__mse__scale2,3T_minus_3NT,-0.07146394209878179,0.027441782217780143,-0.12484056821263279,-0.01986052571074614
VP005,3,Central,sensitivity__mse__scale3,3T_minus_3NT,-0.08031195896628317,0.03318364973611917,-0.14120645613766947,-0.0137669857266933
VP005,3,Central,sensitivity__mse__scale4,3T_minus_3NT,-0.07676017816684713,0.03287676005292326,-0.14320199720942364,-0.012620652111167105
VP005,3,Central,sensitivity__mse__scale5,3T_minus_3NT,,,,
VP005,3,Frontal,entropy__sample_entropy,3T_minus_3NT,-0.01992445795528995,0.019627443698599555,-0.05717181420513894,0.018111725310225927
VP005,3,Frontal,entropy__mse,3T_minus_3NT,-0.02369848429327631,0.024593372247961136,-0.0700400700422016,0.026318218627581814
VP005,3,Frontal,sensitivity__mse__scale1,3T_minus_3NT,-0.01992445795528995,0.019627443698599555,-0.05717181420513894,0.018111725310225927
VP005,3,Frontal,sensitivity__mse__scale2,3T_minus_3NT,-0.028649734440203987,0.027990980234344317,-0.08344063287355515,0.028341429327968504
VP005,3,Frontal,sensitivity__mse__scale3,3T_minus_3NT,-0.030621521054927863,0.02821354897217022,-0.08347828435448296,0.027806915323056652
VP005,3,Frontal,sensitivity__mse__scale4,3T_minus_3NT,-0.018608604296914764,0.027946211696572784,-0.07115157524670897,0.03597441052166121
VP005,3,Frontal,sensitivity__mse__scale5,3T_minus_3NT,,,,
VP005,3,Occipital,entropy__sample_entropy,3T_minus_3NT,-0.006233362129620191,0.014342989021259323,-0.03266522957315722,0.022876927900138424
VP005,3,Occipital,entropy__mse,3T_minus_3NT,-0.01935255749141129,0.018199951098059056,-0.053910313172179924,0.01640754207717089
VP005,3,Occipital,sensitivity__mse__scale1,3T_minus_3NT,-0.006233362129620191,0.014342989021259323,-0.03266522957315722,0.022876927900138424
VP005,3,Occipital,sensitivity__mse__scale2,3T_minus_3NT,-0.04062299302982149,0.025762259237644893,-0.0906440998144955,0.010102470893334136
VP005,3,Occipital,sensitivity__mse__scale3,3T_minus_3NT,-0.06903970271591359,0.03232986126106022,-0.1304710047663595,-0.005707472094566143
VP005,3,Occipital,sensitivity__mse__scale4,3T_minus_3NT,0.052041465895081726,0.032196521504900016,-0.009285765197413408,0.11284147186092962
VP005,3,Occipital,sensitivity__mse__scale5,3T_minus_3NT,,,,
VP005,3,Parietal,entropy__sample_entropy,3T_minus_3NT,-0.03436997901002679,0.01676829327696617,-0.06553255380631033,-0.0012427634132094337
VP005,3,Parietal,entropy__mse,3T_minus_3NT,-0.029787597488224803,0.017301678466631873,-0.063052008621125,0.0046612349028894995
VP005,3,Parietal,sensitivity__mse__scale1,3T_minus_3NT,-0.03436997901002679,0.01676829327696617,-0.06553255380631033,-0.0012427634132094337
VP005,3,Parietal,sensitivity__mse__scale2,3T_minus_3NT,-0.024481866828643208,0.021575031215705916,-0.0661788039836044,0.018395810954409553
VP005,3,Parietal,sensitivity__mse__scale3,3T_minus_3NT,-0.02554236569205833,0.021911120306347197,-0.06840293653167642,0.018763563083119713
VP005,3,Parietal,sensitivity__mse__scale4,3T_minus_3NT,-0.04444468238438019,0.024804330163454222,-0.09314324673810553,0.006175025197442566
VP005,3,Parietal,sensitivity__mse__scale5,3T_minus_3NT,,,,
VP005,3,Temporal,entropy__sample_entropy,3T_minus_3NT,-0.011618846194943078,0.01778389652710539,-0.04579511551494782,0.02261072348792927
VP005,3,Temporal,entropy__mse,3T_minus_3NT,-0.022727837149599407,0.021090458167562814,-0.06581959623315632,0.018291976233691318
VP005,3,Temporal,sensitivity__mse__scale1,3T_minus_3NT,-0.011618846194943078,0.01778389652710539,-0.04579511551494782,0.02261072348792927
VP005,3,Temporal,sensitivity__mse__scale2,3T_minus_3NT,-0.004368395587431167,0.028954806615913747,-0.0596956965477716,0.05341726490788004
VP005,3,Temporal,sensitivity__mse__scale3,3T_minus_3NT,-0.028171510150730848,0.03215617514368601,-0.09265699493072098,0.034978771481946225
VP005,3,Temporal,sensitivity__mse__scale4,3T_minus_3NT,-0.036627950628281475,0.04075802100124082,-0.11772647342652198,0.04128748005963223
VP005,3,Temporal,sensitivity__mse__scale5,3T_minus_3NT,,,,
VP005,3,WholeBrain,entropy__sample_entropy,3T_minus_3NT,-0.02370667540804714,0.01658540359773168,-0.05616509906260696,0.00863326667158655
VP005,3,WholeBrain,entropy__mse,3T_minus_3NT,-0.029387921374107083,0.018494705198345732,-0.06386238822819698,0.010308055413018706
VP005,3,WholeBrain,sensitivity__mse__scale1,3T_minus_3NT,-0.02370667540804714,0.01658540359773168,-0.05616509906260696,0.00863326667158655
VP005,3,WholeBrain,sensitivity__mse__scale2,3T_minus_3NT,-0.03144576703073935,0.02163196771823237,-0.07158654996786538,0.012184238496170457
VP005,3,WholeBrain,sensitivity__mse__scale3,3T_minus_3NT,-0.0371193987732686,0.021188444435527306,-0.07802811701964318,0.006258716737909025
VP005,3,WholeBrain,sensitivity__mse__scale4,3T_minus_3NT,-0.027321148650500927,0.021097255568160743,-0.06951756291156108,0.014142051698961646
VP005,3,WholeBrain,sensitivity__mse__scale5,3T_minus_3NT,,,,
VP006,2,Central,entropy__sample_entropy,2T_minus_2NT,-0.005719543572993913,0.019553045791813866,-0.04370951821425575,0.032599489298190794
VP006,2,Central,entropy__mse,2T_minus_2NT,-0.012088298110982852,0.03076356467678386,-0.07466853343148369,0.04349097510807059
VP006,2,Central,sensitivity__mse__scale1,2T_minus_2NT,-0.005719543572993913,0.019553045791813866,-0.04370951821425575,0.032599489298190794
VP006,2,Central,sensitivity__mse__scale2,2T_minus_2NT,0.012193886917641927,0.03337102358796341,-0.053919524973604714,0.07439531585151307
VP006,2,Central,sensitivity__mse__scale3,2T_minus_2NT,-0.010059142286548362,0.03619189203876777,-0.0853433600832605,0.05958665309505372
VP006,2,Central,sensitivity__mse__scale4,2T_minus_2NT,-0.04873656562644214,0.04458545904229237,-0.13469448680198298,0.0376839053745224
VP006,2,Central,sensitivity__mse__scale5,2T_minus_2NT,,,,
VP006,2,Frontal,entropy__sample_entropy,2T_minus_2NT,-0.0416468577733088,0.03078104513268358,-0.10347279483826817,0.01500341689965409
VP006,2,Frontal,entropy__mse,2T_minus_2NT,-0.06814907759496824,0.048425546328503044,-0.16885500263318204,0.022225912849828576
VP006,2,Frontal,sensitivity__mse__scale1,2T_minus_2NT,-0.0416468577733088,0.03078104513268358,-0.10347279483826817,0.01500341689965409
VP006,2,Frontal,sensitivity__mse__scale2,2T_minus_2NT,-0.05251456893945486,0.05066258609864852,-0.15645632985612076,0.04335106375221213
VP006,2,Frontal,sensitivity__mse__scale3,2T_minus_2NT,-0.10260229695732535,0.05749884624554952,-0.224721581580492,0.007608237325430204
VP006,2,Frontal,sensitivity__mse__scale4,2T_minus_2NT,-0.07667550649636776,0.05697895738584472,-0.1924679767007633,0.027378051642670653
VP006,2,Frontal,sensitivity__mse__scale5,2T_minus_2NT,,,,
VP006,2,Occipital,entropy__sample_entropy,2T_minus_2NT,0.0031812417248710417,0.013507006260572036,-0.02258939274780234,0.030945102363771813
VP006,2,Occipital,entropy__mse,2T_minus_2NT,0.007078241636760333,0.019741416553077776,-0.03188341118015207,0.04703800797784915
VP006,2,Occipital,sensitivity__mse__scale1,2T_minus_2NT,0.0031812417248710417,0.013507006260572036,-0.02258939274780234,0.030945102363771813
VP006,2,Occipital,sensitivity__mse__scale2,2T_minus_2NT,0.013214005206902591,0.022440369825804087,-0.03104945213790663,0.05644627571653101
VP006,2,Occipital,sensitivity__mse__scale3,2T_minus_2NT,-0.01691282727446458,0.03112610852050912,-0.0774522053116439,0.04202292408958098
VP006,2,Occipital,sensitivity__mse__scale4,2T_minus_2NT,0.03608469612617574,0.03513387580599838,-0.03168916901486194,0.1059547180856498
VP006,2,Occipital,sensitivity__mse__scale5,2T_minus_2NT,,,,
VP006,2,Parietal,entropy__sample_entropy,2T_minus_2NT,0.015904644715276688,0.015454465551080621,-0.013659773858293521,0.04614775613912648
VP006,2,Parietal,entropy__mse,2T_minus_2NT,0.033046260318500914,0.021553092681398753,-0.010862082523865585,0.07294018094454997
VP006,2,Parietal,sensitivity__mse__scale1,2T_minus_2NT,0.015904644715276688,0.015454465551080621,-0.013659773858293521,0.04614775613912648
VP006,2,Parietal,sensitivity__mse__scale2,2T_minus_2NT,0.046755123275788076,0.024315893401400276,-0.0031280878058045354,0.09347360904605811
VP006,2,Parietal,sensitivity__mse__scale3,2T_minus_2NT,0.029396386800811494,0.027810031778607216,-0.02684461126143241,0.08126833102973931
VP006,2,Parietal,sensitivity__mse__scale4,2T_minus_2NT,0.04707460105426233,0.028480684159487676,-0.009639060460141496,0.10323334599971587
VP006,2,Parietal,sensitivity__mse__scale5,2T_minus_2NT,,,,
VP006,2,Temporal,entropy__sample_entropy,2T_minus_2NT,-0.03984262650022309,0.023797246745752714,-0.08719609911082601,0.005410882881785477
VP006,2,Temporal,entropy__mse,2T_minus_2NT,-0.06789269824094621,0.031085451841654826,-0.1312828794748797,-0.006801162006133694
VP006,2,Temporal,sensitivity__mse__scale1,2T_minus_2NT,-0.03984262650022309,0.023797246745752714,-0.08719609911082601,0.005410882881785477
VP006,2,Temporal,sensitivity__mse__scale2,2T_minus_2NT,-0.08981594411010356,0.03668042337907429,-0.15888952178867502,-0.01946583195014613
VP006,2,Temporal,sensitivity__mse__scale3,2T_minus_2NT,-0.10994686460661092,0.03943161538297315,-0.18559709110643507,-0.03329742239882423
VP006,2,Temporal,sensitivity__mse__scale4,2T_minus_2NT,-0.0400893966673119,0.04454620921298744,-0.1279646142445296,0.042809803816560334
VP006,2,Temporal,sensitivity__mse__scale5,2T_minus_2NT,,,,
VP006,2,WholeBrain,entropy__sample_entropy,2T_minus_2NT,-0.014366921129061475,0.020292033753863854,-0.05513331603063032,0.02366133895738982
VP006,2,WholeBrain,entropy__mse,2T_minus_2NT,-0.02153710987795383,0.03000695467024307,-0.08094475056152847,0.03453500195369759
VP006,2,WholeBrain,sensitivity__mse__scale1,2T_minus_2NT,-0.014366921129061475,0.020292033753863854,-0.05513331603063032,0.02366133895738982
VP006,2,WholeBrain,sensitivity__mse__scale2,2T_minus_2NT,-0.009295441453517498,0.0326342719635169,-0.07371288433388702,0.05152744224410293
VP006,2,WholeBrain,sensitivity__mse__scale3,2T_minus_2NT,-0.04208587662313233,0.0355822097689084,-0.11209088462326272,0.024639432812046422
VP006,2,WholeBrain,sensitivity__mse__scale4,2T_minus_2NT,-0.021131740357858926,0.03423796745135649,-0.08955592006400265,0.039442868634527006
VP006,2,WholeBrain,sensitivity__mse__scale5,2T_minus_2NT,,,,
VP006,3,Central,entropy__sample_entropy,3T_minus_3NT,-0.009727633622264052,0.01919185990147441,-0.04747150801786992,0.0271091526206995
VP006,3,Central,entropy__mse,3T_minus_3NT,-0.029413859639291284,0.03170806620094191,-0.08946541236345797,0.03120575525872112
VP006,3,Central,sensitivity__mse__scale1,3T_minus_3NT,-0.009727633622264052,0.01919185990147441,-0.04747150801786992,0.0271091526206995
VP006,3,Central,sensitivity__mse__scale2,3T_minus_3NT,-0.030232586241587617,0.03453506190355318,-0.09879356162729751,0.036208806205143496
VP006,3,Central,sensitivity__mse__scale3,3T_minus_3NT,-0.008142823039945022,0.04293277255949561,-0.0930972848124612,0.0721728124254989
VP006,3,Central,sensitivity__mse__scale4,3T_minus_3NT,-0.06549261052756951,0.04236882812141284,-0.14920126542511503,0.017843248843936343
VP006,3,Central,sensitivity__mse__scale5,3T_minus_3NT,,,,
VP006,3,Frontal,entropy__sample_entropy,3T_minus_3NT,0.010040906779675802,0.031449540070203306,-0.05468962601694976,0.0706845626545279
VP006,3,Frontal,entropy__mse,3T_minus_3NT,0.02256491203534238,0.048842023532716855,-0.0769668602722384,0.11680724918994465
VP006,3,Frontal,sensitivity__mse__scale1,3T_minus_3NT,0.010040906779675802,0.031449540070203306,-0.05468962601694976,0.0706845626545279
VP006,3,Frontal,sensitivity__mse__scale2,3T_minus_3NT,0.02697309025645228,0.05216481331629383,-0.08047527484255947,0.12706559549237303
VP006,3,Frontal,sensitivity__mse__scale3,3T_minus_3NT,0.02528324102826803,0.0586689162109305,-0.09097599487487111,0.13940853126162447
VP006,3,Frontal,sensitivity__mse__scale4,3T_minus_3NT,0.031064959641239204,0.05476397981744837,-0.0771887742764798,0.1392991192839842
VP006,3,Frontal,sensitivity__mse__scale5,3T_minus_3NT,,,,
VP006,3,Occipital,entropy__sample_entropy,3T_minus_3NT,0.005152013377118349,0.013363426295916605,-0.02144240179118403,0.03159481959726018
VP006,3,Occipital,entropy__mse,3T_minus_3NT,-0.010763823223003769,0.018543107007634643,-0.048507224921727383,0.02477296500526942
VP006,3,Occipital,sensitivity__mse__scale1,3T_minus_3NT,0.005152013377118349,0.013363426295916605,-0.02144240179118403,0.03159481959726018
VP006,3,Occipital,sensitivity__mse__scale2,3T_minus_3NT,-0.0033039422012575647,0.022833023342741596,-0.0494813401265286,0.04081878103904546
VP006,3,Occipital,sensitivity__mse__scale3,3T_minus_3NT,-0.0311871659425938,0.029176680887565674,-0.09007322238926416,0.023833556042264285
VP006,3,Occipital,sensitivity__mse__scale4,3T_minus_3NT,-0.016173957300248544,0.03541371566115543,-0.08410123790112699,0.05370787148803658
VP006,3,Occipital,sensitivity__mse__scale5,3T_minus_3NT,,,,
VP006,3,Parietal,entropy__sample_entropy,3T_minus_3NT,0.000689648020198016,0.015323218453632428,-0.029900915862330433,0.02882147079553068
VP006,3,Parietal,entropy__mse,3T_minus_3NT,-0.0004914259936008758,0.02196380796713565,-0.042416921371290474,0.04265651996412791
VP006,3,Parietal,sensitivity__mse__scale1,3T_minus_3NT,0.000689648020198016,0.015323218453632428,-0.029900915862330433,0.02882147079553068
VP006,3,Parietal,sensitivity__mse__scale2,3T_minus_3NT,0.00867600653083623,0.02413508734215124,-0.03968164600989774,0.05490457037762954
VP006,3,Parietal,sensitivity__mse__scale3,3T_minus_3NT,-0.050573502926822604,0.030064266932788835,-0.11103855105883774,0.008163488554783408
VP006,3,Parietal,sensitivity__mse__scale4,3T_minus_3NT,0.043461172996081605,0.027576660592300014,-0.009692749460921801,0.09616874136438185
VP006,3,Parietal,sensitivity__mse__scale5,3T_minus_3NT,,,,
VP006,3,Temporal,entropy__sample_entropy,3T_minus_3NT,0.015986658022249446,0.022747288862345255,-0.027679111063252916,0.060601367865349566
VP006,3,Temporal,entropy__mse,3T_minus_3NT,0.027082079687160924,0.029831738986601138,-0.032541756699321835,0.08587625703930585
VP006,3,Temporal,sensitivity__mse__scale1,3T_minus_3NT,0.015986658022249446,0.022747288862345255,-0.027679111063252916,0.060601367865349566
VP006,3,Temporal,sensitivity__mse__scale2,3T_minus_3NT,0.026529499770035398,0.03498563769629503,-0.04692385552370219,0.09318878073606503
VP006,3,Temporal,sensitivity__mse__scale3,3T_minus_3NT,0.05453218373168967,0.04075561250680127,-0.026451847972261903,0.13675320146317932
VP006,3,Temporal,sensitivity__mse__scale4,3T_minus_3NT,0.006155429195729802,0.03987967453714196,-0.07160954529943114,0.08799397367099876
VP006,3,Temporal,sensitivity__mse__scale5,3T_minus_3NT,,,,
VP006,3,WholeBrain,entropy__sample_entropy,3T_minus_3NT,0.004817973645259978,0.019868917045507632,-0.03511347894254534,0.04209735352154615
VP006,3,WholeBrain,entropy__mse,3T_minus_3NT,0.00633651104406408,0.02988648128249674,-0.05454357850239649,0.06420438975798946
VP006,3,WholeBrain,sensitivity__mse__scale1,3T_minus_3NT,0.004817973645259978,0.019868917045507632,-0.03511347894254534,0.04209735352154615
VP006,3,WholeBrain,sensitivity__mse__scale2,3T_minus_3NT,0.01168705235035847,0.03209855457544793,-0.053440964184517284,0.07331037110275115
VP006,3,WholeBrain,sensitivity__mse__scale3,3T_minus_3NT,-0.006121632950508309,0.03699655069079341,-0.07892479624622145,0.06433885363210134
VP006,3,WholeBrain,sensitivity__mse__scale4,3T_minus_3NT,0.017798294406979907,0.033340059758976304,-0.04633037372437431,0.08253006311730567
VP006,3,WholeBrain,sensitivity__mse__scale5,3T_minus_3NT,,,,
VP007,2,Central,entropy__sample_entropy,2T_minus_2NT,0.01442763976096149,0.013418394035724819,-0.011796947177148165,0.0412848001943203
VP007,2,Central,entropy__mse,2T_minus_2NT,-0.00135711650115229,0.01609163773700606,-0.033961680484178663,0.029184536523643875
VP007,2,Central,sensitivity__mse__scale1,2T_minus_2NT,0.01442763976096149,0.013418394035724819,-0.011796947177148165,0.0412848001943203
VP007,2,Central,sensitivity__mse__scale2,2T_minus_2NT,-0.008319778816514219,0.020467460849616256,-0.04941224237236328,0.031135593675878613
VP007,2,Central,sensitivity__mse__scale3,2T_minus_2NT,-0.02146763866563236,0.028191622702339682,-0.0780050161241135,0.033906375892164047
VP007,2,Central,sensitivity__mse__scale4,2T_minus_2NT,0.004044884151000446,0.031527420808770655,-0.05613687585468894,0.06539835802143981
VP007,2,Central,sensitivity__mse__scale5,2T_minus_2NT,,,,
VP007,2,Frontal,entropy__sample_entropy,2T_minus_2NT,0.009749838627279832,0.008785102163187787,-0.007432648045976212,0.026681388208972506
VP007,2,Frontal,entropy__mse,2T_minus_2NT,0.002098440139496395,0.014923188865606663,-0.026517248333365745,0.030106697316509126
VP007,2,Frontal,sensitivity__mse__scale1,2T_minus_2NT,0.009749838627279832,0.008785102163187787,-0.007432648045976212,0.026681388208972506
VP007,2,Frontal,sensitivity__mse__scale2,2T_minus_2NT,0.009256036333647199,0.014751688922644536,-0.02007225043375621,0.03861013489140485
VP007,2,Frontal,sensitivity__mse__scale3,2T_minus_2NT,-0.011975268792938639,0.02017493081933046,-0.05226164162809743,0.026683004572872863
VP007,2,Frontal,sensitivity__mse__scale4,2T_minus_2NT,0.001202587393563395,0.023860551467949232,-0.04599239481768795,0.048818462199540294
VP007,2,Frontal,sensitivity__mse__scale5,2T_minus_2NT,,,,
VP007,2,Occipital,entropy__sample_entropy,2T_minus_2NT,0.054728591845165646,0.013329907859722497,0.028925712892829015,0.08077600758201377
VP007,2,Occipital,entropy__mse,2T_minus_2NT,0.07896505041910105,0.01603149210503646,0.0445940467546573,0.10995240211453126
VP007,2,Occipital,sensitivity__mse__scale1,2T_minus_2NT,0.054728591845165646,0.013329907859722497,0.028925712892829015,0.08077600758201377
VP007,2,Occipital,sensitivity__mse__scale2,2T_minus_2NT,0.11388850310830045,0.020643200425339337,0.07249725634564938,0.15332450320241495
VP007,2,Occipital,sensitivity__mse__scale3,2T_minus_2NT,0.08283191940001045,0.02896880521902807,0.025871814278783146,0.13809951183166827
VP007,2,Occipital,sensitivity__mse__scale4,2T_minus_2NT,0.08726863546945583,0.0304259500830223,0.028336363032611566,0.14450134761310887
VP007,2,Occipital,sensitivity__mse__scale5,2T_minus_2NT,,,,
VP007,2,Parietal,entropy__sample_entropy,2T_minus_2NT,0.039239707755108315,0.01271567912367895,0.013497425301016757,0.06273941207123333
VP007,2,Parietal,entropy__mse,2T_minus_2NT,0.026550563370842276,0.012864546441311915,-0.000475654092778687,0.05137123337910129
VP007,2,Parietal,sensitivity__mse__scale1,2T_minus_2NT,0.039239707755108315,0.01271567912367895,0.013497425301016757,0.06273941207123333
VP007,2,Parietal,sensitivity__mse__scale2,2T_minus_2NT,0.05043778443079466,0.01672801264316417,0.01695764124772235,0.0839632579624798
VP007,2,Parietal,sensitivity__mse__scale3,2T_minus_2NT,0.03888844922708887,0.020245381526648128,0.0008469411062999755,0.07837239837484
VP007,2,Parietal,sensitivity__mse__scale4,2T_minus_2NT,-0.008750805605790309,0.01962189262195161,-0.04710698238880024,0.029463467728136565
VP007,2,Parietal,sensitivity__mse__scale5,2T_minus_2NT,,,,
VP007,2,Temporal,entropy__sample_entropy,2T_minus_2NT,0.02569136490142585,0.0155134341391468,-0.005204225217533975,0.056982947311120954
VP007,2,Temporal,entropy__mse,2T_minus_2NT,0.05962955213849889,0.020720803580345063,0.01752394733190284,0.10000618286869578
VP007,2,Temporal,sensitivity__mse__scale1,2T_minus_2NT,0.02569136490142585,0.0155134341391468,-0.005204225217533975,0.056982947311120954
VP007,2,Temporal,sensitivity__mse__scale2,2T_minus_2NT,0.07264720950857723,0.024251248040570585,0.02591109060337988,0.12166950272914161
VP007,2,Temporal,sensitivity__mse__scale3,2T_minus_2NT,0.02430474729465658,0.038439387615111974,-0.0526376197419212,0.09475111796007452
VP007,2,Temporal,sensitivity__mse__scale4,2T_minus_2NT,0.098058418503722,0.04067030183373395,0.016635950332281806,0.17553147947669448
VP007,2,Temporal,sensitivity__mse__scale5,2T_minus_2NT,,,,
VP007,2,WholeBrain,entropy__sample_entropy,2T_minus_2NT,0.025687750689902963,0.009159202802616583,0.007768069418905283,0.043259632060297315
VP007,2,WholeBrain,entropy__mse,2T_minus_2NT,0.021932886353674394,0.009854463558875742,0.001795029549750349,0.040823593926203834
VP007,2,WholeBrain,sensitivity__mse__scale1,2T_minus_2NT,0.025687750689902963,0.009159202802616583,0.007768069418905283,0.043259632060297315
VP007,2,WholeBrain,sensitivity__mse__scale2,2T_minus_2NT,0.036348466122849386,0.012144640863034512,0.01216854694750682,0.05917082275531941
VP007,2,WholeBrain,sensitivity__mse__scale3,2T_minus_2NT,0.015497924755593756,0.013656520680771535,-0.0112826902561538,0.041010263234060096
VP007,2,WholeBrain,sensitivity__mse__scale4,2T_minus_2NT,0.010073421938614945,0.013892226790326078,-0.017598497479972768,0.03744437894562885
VP007,2,WholeBrain,sensitivity__mse__scale5,2T_minus_2NT,,,,
VP007,3,Central,entropy__sample_entropy,3T_minus_3NT,-0.01799710729987449,0.014669087100797444,-0.04722796472314335,0.011028873697568924
VP007,3,Central,entropy__mse,3T_minus_3NT,-0.04603579357602957,0.017905861102956906,-0.08086323178351806,-0.010776090391304408
VP007,3,Central,sensitivity__mse__scale1,3T_minus_3NT,-0.01799710729987449,0.014669087100797444,-0.04722796472314335,0.011028873697568924
VP007,3,Central,sensitivity__mse__scale2,3T_minus_3NT,-0.06284997328497831,0.022193469746800448,-0.1060019047271237,-0.021225273011033385
VP007,3,Central,sensitivity__mse__scale3,3T_minus_3NT,-0.049001800545124354,0.026434608095359465,-0.0999340921652053,0.003478370709891254
VP007,3,Central,sensitivity__mse__scale4,3T_minus_3NT,-0.03649617717228636,0.036601415578312445,-0.1136026219077279,0.03523616051880847
VP007,3,Central,sensitivity__mse__scale5,3T_minus_3NT,,,,
VP007,3,Frontal,entropy__sample_entropy,3T_minus_3NT,-0.022299775259027994,0.01229110988751805,-0.04592376220300718,0.001836719131970356
VP007,3,Frontal,entropy__mse,3T_minus_3NT,-0.03422221855220795,0.01795238697272426,-0.0684863579844385,0.00013653145815022252
VP007,3,Frontal,sensitivity__mse__scale1,3T_minus_3NT,-0.022299775259027994,0.01229110988751805,-0.04592376220300718,0.001836719131970356
VP007,3,Frontal,sensitivity__mse__scale2,3T_minus_3NT,-0.03756843368255329,0.019295825839339167,-0.0750821257746058,-0.0013582337583477552
VP007,3,Frontal,sensitivity__mse__scale3,3T_minus_3NT,-0.05329607218238914,0.022368983890535002,-0.09599871194720543,-0.009844927148193978
VP007,3,Frontal,sensitivity__mse__scale4,3T_minus_3NT,-0.022228981597044718,0.024332572001120354,-0.06799890680236864,0.027112700921299256
VP007,3,Frontal,sensitivity__mse__scale5,3T_minus_3NT,,,,
VP007,3,Occipital,entropy__sample_entropy,3T_minus_3NT,0.011958491692880302,0.013254617049196253,-0.013093338404103205,0.03814927534624061
VP007,3,Occipital,entropy__mse,3T_minus_3NT,-0.018246024620448005,0.018213103470283324,-0.053406934242577926,0.01828357532881233
VP007,3,Occipital,sensitivity__mse__scale1,3T_minus_3NT,0.011958491692880302,0.013254617049196253,-0.013093338404103205,0.03814927534624061
VP007,3,Occipital,sensitivity__mse__scale2,3T_minus_3NT,0.018655589466527237,0.021608014531927032,-0.021978572287087467,0.0613510984902389
VP007,3,Occipital,sensitivity__mse__scale3,3T_minus_3NT,-0.10086056272476764,0.032030138933480425,-0.15979037487080835,-0.039991355842380026
VP007,3,Occipital,sensitivity__mse__scale4,3T_minus_3NT,0.025902666252413782,0.036647898002981585,-0.04376149925542697,0.09652868287486996
VP007,3,Occipital,sensitivity__mse__scale5,3T_minus_3NT,,,,
VP007,3,Parietal,entropy__sample_entropy,3T_minus_3NT,-0.0033186035796197643,0.014094020916006056,-0.03263977986471893,0.023934966238868333
VP007,3,Parietal,entropy__mse,3T_minus_3NT,0.0018854930469201347,0.01434882712730033,-0.026135502642079044,0.02981264027832237
VP007,3,Parietal,sensitivity__mse__scale1,3T_minus_3NT,-0.0033186035796197643,0.014094020916006056,-0.03263977986471893,0.023934966238868333
VP007,3,Parietal,sensitivity__mse__scale2,3T_minus_3NT,-0.005514391606498798,0.018538658761642058,-0.041737656208637806,0.03216799576645747
VP007,3,Parietal,sensitivity__mse__scale3,3T_minus_3NT,-0.00876875523150284,0.020118094521908957,-0.046402065289538164,0.03002403791181185
VP007,3,Parietal,sensitivity__mse__scale4,3T_minus_3NT,0.020678309914809234,0.020337632556521348,-0.01755119831920591,0.0611138615930002
VP007,3,Parietal,sensitivity__mse__scale5,3T_minus_3NT,,,,
VP007,3,Temporal,entropy__sample_entropy,3T_minus_3NT,-0.00018329198446319562,0.017693336619845058,-0.03483759244015305,0.0338392906967361
VP007,3,Temporal,entropy__mse,3T_minus_3NT,0.023140843915542775,0.02210498734440591,-0.018807831049311767,0.06463919996927703
VP007,3,Temporal,sensitivity__mse__scale1,3T_minus_3NT,-0.00018329198446319562,0.017693336619845058,-0.03483759244015305,0.0338392906967361
VP007,3,Temporal,sensitivity__mse__scale2,3T_minus_3NT,-0.005642579285742585,0.026886178287730083,-0.059135088037580594,0.04776475820444588
VP007,3,Temporal,sensitivity__mse__scale3,3T_minus_3NT,0.1154912179433291,0.03323266368559866,0.053513941528538056,0.1838647812207613
VP007,3,Temporal,sensitivity__mse__scale4,3T_minus_3NT,-0.008342829539423174,0.041109828278987404,-0.09192789815144374,0.07329789160536167
VP007,3,Temporal,sensitivity__mse__scale5,3T_minus_3NT,,,,
VP007,3,WholeBrain,entropy__sample_entropy,3T_minus_3NT,-0.010487406816278511,0.011652851167134123,-0.033842372340943304,0.011732224436904446
VP007,3,WholeBrain,entropy__mse,3T_minus_3NT,-0.018072811907512885,0.01271000948713422,-0.0432966359468315,0.005751977888391284
VP007,3,WholeBrain,sensitivity__mse__scale1,3T_minus_3NT,-0.010487406816278511,0.011652851167134123,-0.033842372340943304,0.011732224436904446
VP007,3,WholeBrain,sensitivity__mse__scale2,3T_minus_3NT,-0.02166966446405047,0.015710986709497454,-0.05404064401145931,0.008230229176498488
VP007,3,WholeBrain,sensitivity__mse__scale3,3T_minus_3NT,-0.03308504031528113,0.014935802850347953,-0.0620430210138357,-0.006043194061636421
VP007,3,WholeBrain,sensitivity__mse__scale4,3T_minus_3NT,-0.010416041823235805,0.01570716164327487,-0.03952559915949877,0.02147959058770184
VP007,3,WholeBrain,sensitivity__mse__scale5,3T_minus_3NT,,,,
VP008,2,Central,entropy__sample_entropy,2T_minus_2NT,-0.04281929386119157,0.012759356013639811,-0.06750281132945683,-0.01724774179182442
VP008,2,Central,entropy__mse,2T_minus_2NT,-0.09198834155319438,0.02009112128522281,-0.1331937557430184,-0.053312446100247504
VP008,2,Central,sensitivity__mse__scale1,2T_minus_2NT,-0.04281929386119157,0.012759356013639811,-0.06750281132945683,-0.01724774179182442
VP008,2,Central,sensitivity__mse__scale2,2T_minus_2NT,-0.0705899980716166,0.02131518181011295,-0.11220435776376711,-0.028049906119349034
VP008,2,Central,sensitivity__mse__scale3,2T_minus_2NT,-0.15306523101024092,0.030805392898059697,-0.2145384782196762,-0.09337520071284758
VP008,2,Central,sensitivity__mse__scale4,2T_minus_2NT,-0.11367655767614121,0.03602465749822037,-0.18289764771383749,-0.046780914791432794
VP008,2,Central,sensitivity__mse__scale5,2T_minus_2NT,,,,
VP008,2,Frontal,entropy__sample_entropy,2T_minus_2NT,-0.041736674170930896,0.012559215607304863,-0.06583690354388519,-0.017378684685785465
VP008,2,Frontal,entropy__mse,2T_minus_2NT,-0.07940793749019788,0.02204750255495193,-0.12408367233602854,-0.036889073879290794
VP008,2,Frontal,sensitivity__mse__scale1,2T_minus_2NT,-0.041736674170930896,0.012559215607304863,-0.06583690354388519,-0.017378684685785465
VP008,2,Frontal,sensitivity__mse__scale2,2T_minus_2NT,-0.07827171635538789,0.023665076169719565,-0.12525437684429358,-0.03281457504835069
VP008,2,Frontal,sensitivity__mse__scale3,2T_minus_2NT,-0.09170808579004994,0.02673239397295588,-0.14599286519638588,-0.03976279195584232
VP008,2,Frontal,sensitivity__mse__scale4,2T_minus_2NT,-0.10698408763761241,0.028496531877184376,-0.16533024155714313,-0.051739444849173505
VP008,2,Frontal,sensitivity__mse__scale5,2T_minus_2NT,,,,
VP008,2,Occipital,entropy__sample_entropy,2T_minus_2NT,-8.361048237862945e-05,0.010319611675409337,-0.02008838249644556,0.02035281204503443
VP008,2,Occipital,entropy__mse,2T_minus_2NT,0.017766479791768208,0.016185256451895103,-0.013492403390032487,0.047321987848859604
VP008,2,Occipital,sensitivity__mse__scale1,2T_minus_2NT,-8.361048237862945e-05,0.010319611675409337,-0.02008838249644556,0.02035281204503443
VP008,2,Occipital,sensitivity__mse__scale2,2T_minus_2NT,0.04148448455948859,0.020527957811129063,0.004202279973783716,0.08203636399749982
VP008,2,Occipital,sensitivity__mse__scale3,2T_minus_2NT,-0.004136799520328897,0.031064293422160376,-0.0667939770955665,0.051910283311417456
VP008,2,Occipital,sensitivity__mse__scale4,2T_minus_2NT,0.019040194707301596,0.035780384768696716,-0.05105534853793962,0.09040925653675912
VP008,2,Occipital,sensitivity__mse__scale5,2T_minus_2NT,,,,
VP008,2,Parietal,entropy__sample_entropy,2T_minus_2NT,-0.02697050832056118,0.011836358999686335,-0.05070447718616874,-0.004034207626609913
VP008,2,Parietal,entropy__mse,2T_minus_2NT,-0.02170755559350388,0.013232030180747959,-0.04646675787994801,0.004043724298436815
VP008,2,Parietal,sensitivity__mse__scale1,2T_minus_2NT,-0.02697050832056118,0.011836358999686335,-0.05070447718616874,-0.004034207626609913
VP008,2,Parietal,sensitivity__mse__scale2,2T_minus_2NT,-0.028284463727373893,0.017452635649764424,-0.06226281807385325,0.006179280394133679
VP008,2,Parietal,sensitivity__mse__scale3,2T_minus_2NT,-0.020445002265327906,0.020047555846608955,-0.05727024132816499,0.019883999009856535
VP008,2,Parietal,sensitivity__mse__scale4,2T_minus_2NT,-0.01537436103963967,0.0208017095701095,-0.054834848143918154,0.026062804424420317
VP008,2,Parietal,sensitivity__mse__scale5,2T_minus_2NT,,,,
VP008,2,Temporal,entropy__sample_entropy,2T_minus_2NT,-0.048616209428276096,0.017424716684288362,-0.08163304401199066,-0.015784258067684635
VP008,2,Temporal,entropy__mse,2T_minus_2NT,-0.08035502955269806,0.02012721165989534,-0.12061674073190852,-0.040637873543224505
VP008,2,Temporal,sensitivity__mse__scale1,2T_minus_2NT,-0.048616209428276096,0.017424716684288362,-0.08163304401199066,-0.015784258067684635
VP008,2,Temporal,sensitivity__mse__scale2,2T_minus_2NT,-0.09786951567788083,0.024719637033338838,-0.14670542881013018,-0.052012251364891945
VP008,2,Temporal,sensitivity__mse__scale3,2T_minus_2NT,-0.07996305664497123,0.03394276078221034,-0.14778546489014463,-0.012601349170089478
VP008,2,Temporal,sensitivity__mse__scale4,2T_minus_2NT,-0.06929863708220904,0.035425779995819744,-0.14112287266675513,0.00039305751490109804
VP008,2,Temporal,sensitivity__mse__scale5,2T_minus_2NT,,,,
VP008,2,WholeBrain,entropy__sample_entropy,2T_minus_2NT,-0.03313496866616256,0.01026485345141726,-0.05336664682131791,-0.013481393050983588
VP008,2,WholeBrain,entropy__mse,2T_minus_2NT,-0.051865391325835085,0.014276130999207878,-0.07994246708831612,-0.023621892260865453
VP008,2,WholeBrain,sensitivity__mse__scale1,2T_minus_2NT,-0.03313496866616256,0.01026485345141726,-0.05336664682131791,-0.013481393050983588
VP008,2,WholeBrain,sensitivity__mse__scale2,2T_minus_2NT,-0.04995016519099212,0.015869793593411743,-0.08001570446106632,-0.01940134980481762
VP008,2,WholeBrain,sensitivity__mse__scale3,2T_minus_2NT,-0.0651346818448117,0.018242279663169405,-0.10181646698169503,-0.028846464825107197
VP008,2,WholeBrain,sensitivity__mse__scale4,2T_minus_2NT,-0.05893933116760862,0.01838968905886339,-0.09542206520314012,-0.022273094426367136
VP008,2,WholeBrain,sensitivity__mse__scale5,2T_minus_2NT,,,,
VP008,3,Central,entropy__sample_entropy,3T_minus_3NT,-0.009884031210378829,0.011201536739604813,-0.03236136522579968,0.012141203610241177
VP008,3,Central,entropy__mse,3T_minus_3NT,0.008148544614631912,0.018608905399030075,-0.027611013060020333,0.043677227506878906
VP008,3,Central,sensitivity__mse__scale1,3T_minus_3NT,-0.009884031210378829,0.011201536739604813,-0.03236136522579968,0.012141203610241177
VP008,3,Central,sensitivity__mse__scale2,3T_minus_3NT,-0.027591121613640496,0.021440525905220185,-0.06977433875852512,0.014976626403683132
VP008,3,Central,sensitivity__mse__scale3,3T_minus_3NT,0.054037916749028685,0.027682077704205228,-0.0016929733257940282,0.10797016805123316
VP008,3,Central,sensitivity__mse__scale4,3T_minus_3NT,0.03203439962916589,0.030746708641453183,-0.02675244350150859,0.08817353259603833
VP008,3,Central,sensitivity__mse__scale5,3T_minus_3NT,,,,
VP008,3,Frontal,entropy__sample_entropy,3T_minus_3NT,-2.2412509864911943e-06,0.007662525083525248,-0.015247019931976169,0.01498806823884718
VP008,3,Frontal,entropy__mse,3T_minus_3NT,0.004381991666427398,0.015127856838588097,-0.026329212506607167,0.03226752794544753
VP008,3,Frontal,sensitivity__mse__scale1,3T_minus_3NT,-2.2412509864911943e-06,0.007662525083525248,-0.015247019931976169,0.01498806823884718
VP008,3,Frontal,sensitivity__mse__scale2,3T_minus_3NT,-0.002247125889280535,0.014725589775512546,-0.03138288596010075,0.0264270643985899
VP008,3,Frontal,sensitivity__mse__scale3,3T_minus_3NT,0.01417536662091917,0.018445189743628684,-0.022857793808001903,0.04880055220823447
VP008,3,Frontal,sensitivity__mse__scale4,3T_minus_3NT,0.006895717470104066,0.022309235492507202,-0.0399790755363913,0.04829143706702204
VP008,3,Frontal,sensitivity__mse__scale5,3T_minus_3NT,,,,
VP008,3,Occipital,entropy__sample_entropy,3T_minus_3NT,0.010940214685500492,0.01084026641333726,-0.010432928394013863,0.03339012691385417
VP008,3,Occipital,entropy__mse,3T_minus_3NT,0.020626740693404613,0.016630566510424678,-0.01116810612025751,0.051273583788098945
VP008,3,Occipital,sensitivity__mse__scale1,3T_minus_3NT,0.010940214685500492,0.01084026641333726,-0.010432928394013863,0.03339012691385417
VP008,3,Occipital,sensitivity__mse__scale2,3T_minus_3NT,-0.008044915771618626,0.021052394575806467,-0.05024932556498366,0.03195820168324052
VP008,3,Occipital,sensitivity__mse__scale3,3T_minus_3NT,-0.009085211448487006,0.029767850855533316,-0.0665254958377384,0.04631028763088396
VP008,3,Occipital,sensitivity__mse__scale4,3T_minus_3NT,0.07002379384993217,0.038854037746302764,-0.0034291262728286974,0.14514788391712707
VP008,3,Occipital,sensitivity__mse__scale5,3T_minus_3NT,,,,
VP008,3,Parietal,entropy__sample_entropy,3T_minus_3NT,-0.006316184077371447,0.010401134313763766,-0.02651309545867768,0.01305139309025759
VP008,3,Parietal,entropy__mse,3T_minus_3NT,-0.020750082351909727,0.013522535602734618,-0.0477007946986511,0.00614256792339741
VP008,3,Parietal,sensitivity__mse__scale1,3T_minus_3NT,-0.006316184077371447,0.010401134313763766,-0.02651309545867768,0.01305139309025759
VP008,3,Parietal,sensitivity__mse__scale2,3T_minus_3NT,-0.010158674757321556,0.016655494898369143,-0.04235336216069911,0.023101602502557127
VP008,3,Parietal,sensitivity__mse__scale3,3T_minus_3NT,-0.04956490431622474,0.02183353132728526,-0.09495354061775818,-0.003709678436786203
VP008,3,Parietal,sensitivity__mse__scale4,3T_minus_3NT,-0.014780143034863741,0.020335538635807816,-0.05363334811115025,0.023492971073431252
VP008,3,Parietal,sensitivity__mse__scale5,3T_minus_3NT,,,,
VP008,3,Temporal,entropy__sample_entropy,3T_minus_3NT,0.016083298709778336,0.014217520917838095,-0.012465100198600029,0.04213487507769067
VP008,3,Temporal,entropy__mse,3T_minus_3NT,-0.0027879397057581404,0.01934854443589668,-0.03822080197653937,0.03340642869420953
VP008,3,Temporal,sensitivity__mse__scale1,3T_minus_3NT,0.016083298709778336,0.014217520917838095,-0.012465100198600029,0.04213487507769067
VP008,3,Temporal,sensitivity__mse__scale2,3T_minus_3NT,0.07440762060508342,0.020805864004554836,0.03311073364579917,0.11551729497802059
VP008,3,Temporal,sensitivity__mse__scale3,3T_minus_3NT,-0.06022942105374587,0.029307819523271612,-0.1172231637920327,-0.00416966357882618
VP008,3,Temporal,sensitivity__mse__scale4,3T_minus_3NT,-0.023769927259454877,0.036379000075733706,-0.09303220363086145,0.04952752770702845
VP008,3,Temporal,sensitivity__mse__scale5,3T_minus_3NT,,,,
VP008,3,WholeBrain,entropy__sample_entropy,3T_minus_3NT,-0.0007691129504382655,0.007643412043221308,-0.015712003050893493,0.013920665073791846
VP008,3,WholeBrain,entropy__mse,3T_minus_3NT,-0.0020642448687100898,0.011822939940118894,-0.025463084223095067,0.020211970909820062
VP008,3,WholeBrain,sensitivity__mse__scale1,3T_minus_3NT,-0.0007691129504382655,0.007643412043221308,-0.015712003050893493,0.013920665073791846
VP008,3,WholeBrain,sensitivity__mse__scale2,3T_minus_3NT,-0.002973289452959508,0.012909337333309227,-0.028121879957885187,0.02289835249184263
VP008,3,WholeBrain,sensitivity__mse__scale3,3T_minus_3NT,-0.009985372412057656,0.016502651295386656,-0.04235900221488984,0.02192251227336744
VP008,3,WholeBrain,sensitivity__mse__scale4,3T_minus_3NT,0.00852514260451104,0.015700769823178775,-0.02214378653865926,0.03992697286680138
VP008,3,WholeBrain,sensitivity__mse__scale5,3T_minus_3NT,,,,
VP009,2,Central,entropy__sample_entropy,2T_minus_2NT,-0.013934389110376954,0.017316525871813166,-0.04953479931154496,0.018889521551868665
VP009,2,Central,entropy__mse,2T_minus_2NT,-0.027410601832206345,0.025700347778198893,-0.07632903324375266,0.022227690232733927
VP009,2,Central,sensitivity__mse__scale1,2T_minus_2NT,-0.013934389110376954,0.017316525871813166,-0.04953479931154496,0.018889521551868665
VP009,2,Central,sensitivity__mse__scale2,2T_minus_2NT,-0.02419847536587806,0.02779406850174058,-0.07835372599136409,0.03042704509001316
VP009,2,Central,sensitivity__mse__scale3,2T_minus_2NT,-0.0664357968431745,0.032212040909599116,-0.12827929576671732,-0.0027847824949206717
VP009,2,Central,sensitivity__mse__scale4,2T_minus_2NT,-0.010080330631426847,0.037146442767231634,-0.07988438327101315,0.062209334763053625
VP009,2,Central,sensitivity__mse__scale5,2T_minus_2NT,,,,
VP009,2,Frontal,entropy__sample_entropy,2T_minus_2NT,-0.018487425485658186,0.015090615424014001,-0.04650291696120081,0.010015290773230058
VP009,2,Frontal,entropy__mse,2T_minus_2NT,-0.04630588693681719,0.024812101547572653,-0.09320017011753624,0.00031837734893483253
VP009,2,Frontal,sensitivity__mse__scale1,2T_minus_2NT,-0.018487425485658186,0.015090615424014001,-0.04650291696120081,0.010015290773230058
VP009,2,Frontal,sensitivity__mse__scale2,2T_minus_2NT,-0.0431562367375892,0.02657880628256223,-0.09304658338977274,0.007788236826957431
VP009,2,Frontal,sensitivity__mse__scale3,2T_minus_2NT,-0.05408429046207293,0.029402976564682052,-0.11161003702591106,0.00027517280884563274
VP009,2,Frontal,sensitivity__mse__scale4,2T_minus_2NT,-0.06868310958246159,0.02986345504178452,-0.1260718423129128,-0.013093438100934586
VP009,2,Frontal,sensitivity__mse__scale5,2T_minus_2NT,,,,
VP009,2,Occipital,entropy__sample_entropy,2T_minus_2NT,-0.0026938565469205073,0.01188556260340674,-0.025318677774690896,0.02167597528397977
VP009,2,Occipital,entropy__mse,2T_minus_2NT,0.001210021592780137,0.014341238669986099,-0.027808469349247862,0.029245689314642626
VP009,2,Occipital,sensitivity__mse__scale1,2T_minus_2NT,-0.0026938565469205073,0.01188556260340674,-0.025318677774690896,0.02167597528397977
VP009,2,Occipital,sensitivity__mse__scale2,2T_minus_2NT,-0.013371464051425893,0.01827849533846267,-0.05198959728771258,0.022027559523506438
VP009,2,Occipital,sensitivity__mse__scale3,2T_minus_2NT,-0.0025606087930667254,0.027418069905879677,-0.055893257277123756,0.05197241165928141
VP009,2,Occipital,sensitivity__mse__scale4,2T_minus_2NT,0.019781143149408473,0.02761723809245799,-0.0369255004829564,0.07046075939917605
VP009,2,Occipital,sensitivity__mse__scale5,2T_minus_2NT,,,,
VP009,2,Parietal,entropy__sample_entropy,2T_minus_2NT,0.00010505342579889643,0.013168741526305015,-0.025557324784945733,0.024314188946012647
VP009,2,Parietal,entropy__mse,2T_minus_2NT,-0.010710874306303268,0.01652945294253679,-0.042459966798865816,0.021672854426694838
VP009,2,Parietal,sensitivity__mse__scale1,2T_minus_2NT,0.00010505342579889643,0.013168741526305015,-0.025557324784945733,0.024314188946012647
VP009,2,Parietal,sensitivity__mse__scale2,2T_minus_2NT,0.00033653008877071477,0.0190411628912215,-0.037110516509727694,0.03730473145601275
VP009,2,Parietal,sensitivity__mse__scale3,2T_minus_2NT,-0.009538165608898539,0.022419171075540537,-0.051409946592923986,0.03397098511110895
VP009,2,Parietal,sensitivity__mse__scale4,2T_minus_2NT,-0.03206489622872035,0.02519279050654668,-0.08073749419496307,0.018396881258861218
VP009,2,Parietal,sensitivity__mse__scale5,2T_minus_2NT,,,,
VP009,2,Temporal,entropy__sample_entropy,2T_minus_2NT,0.005044583187682908,0.017419681398951118,-0.028527114595833347,0.039204902812423476
VP009,2,Temporal,entropy__mse,2T_minus_2NT,0.006860078849943407,0.02108026436284775,-0.034470479938941284,0.04831129092827526
VP009,2,Temporal,sensitivity__mse__scale1,2T_minus_2NT,0.005044583187682908,0.017419681398951118,-0.028527114595833347,0.039204902812423476
VP009,2,Temporal,sensitivity__mse__scale2,2T_minus_2NT,0.022148549801353806,0.027255117776243815,-0.03208139252662775,0.07458008719566496
VP009,2,Temporal,sensitivity__mse__scale3,2T_minus_2NT,-0.0011670472141607432,0.03731318821973724,-0.07537423471111904,0.07167323526145583
VP009,2,Temporal,sensitivity__mse__scale4,2T_minus_2NT,0.007775238415778513,0.03701474584107372,-0.0653059559663618,0.07736823466519856
VP009,2,Temporal,sensitivity__mse__scale5,2T_minus_2NT,,,,
VP009,2,WholeBrain,entropy__sample_entropy,2T_minus_2NT,-0.008650420360949127,0.012198832976817302,-0.03337142030863351,0.014570417971179445
VP009,2,WholeBrain,entropy__mse,2T_minus_2NT,-0.023951578860004333,0.016822831927147515,-0.05727004496822228,0.008288191889238005
VP009,2,WholeBrain,sensitivity__mse__scale1,2T_minus_2NT,-0.008650420360949127,0.012198832976817302,-0.03337142030863351,0.014570417971179445
VP009,2,WholeBrain,sensitivity__mse__scale2,2T_minus_2NT,-0.019289376855848084,0.019139563852879335,-0.057315516757066316,0.01657013238101568
VP009,2,WholeBrain,sensitivity__mse__scale3,2T_minus_2NT,-0.03230229511156833,0.020022435468353278,-0.0716321994558175,0.005261373483203045
VP009,2,WholeBrain,sensitivity__mse__scale4,2T_minus_2NT,-0.03637046520875706,0.01981432944098649,-0.07458001411313489,0.001391994037607956
VP009,2,WholeBrain,sensitivity__mse__scale5,2T_minus_2NT,,,,
VP009,3,Central,entropy__sample_entropy,3T_minus_3NT,-0.0018101174993138906,0.01487866048067871,-0.02937454974270959,0.02899474410002993
VP009,3,Central,entropy__mse,3T_minus_3NT,-0.028309116620196507,0.022114055210381664,-0.06765501865670205,0.01677383067209612
VP009,3,Central,sensitivity__mse__scale1,3T_minus_3NT,-0.0018101174993138906,0.01487866048067871,-0.02937454974270959,0.02899474410002993
VP009,3,Central,sensitivity__mse__scale2,3T_minus_3NT,-0.019307339184708193,0.026631003902373353,-0.06749042886106911,0.03276551603477687
VP009,3,Central,sensitivity__mse__scale3,3T_minus_3NT,-0.05513522353279552,0.02912872737189264,-0.11336342599008804,0.0012393965422358348
VP009,3,Central,sensitivity__mse__scale4,3T_minus_3NT,-0.03794603835347424,0.029621167410631897,-0.09250398473097099,0.020226499364208683
VP009,3,Central,sensitivity__mse__scale5,3T_minus_3NT,,,,
VP009,3,Frontal,entropy__sample_entropy,3T_minus_3NT,0.019647471191578978,0.011163829889725554,-0.0010800947438315694,0.04160809040947901
VP009,3,Frontal,entropy__mse,3T_minus_3NT,0.02836782074453257,0.01919788541898179,-0.007488101879566875,0.0659444654225189
VP009,3,Frontal,sensitivity__mse__scale1,3T_minus_3NT,0.019647471191578978,0.011163829889725554,-0.0010800947438315694,0.04160809040947901
VP009,3,Frontal,sensitivity__mse__scale2,3T_minus_3NT,0.03462572891063409,0.020226020390184108,-0.00268763902341492,0.07423697110392509
VP009,3,Frontal,sensitivity__mse__scale3,3T_minus_3NT,0.023698174745739167,0.02336065932667022,-0.02120288428415382,0.06842372984130868
VP009,3,Frontal,sensitivity__mse__scale4,3T_minus_3NT,0.03785885092199469,0.023215237600038782,-0.0059822996595213255,0.0841928240804455
VP009,3,Frontal,sensitivity__mse__scale5,3T_minus_3NT,,,,
VP009,3,Occipital,entropy__sample_entropy,3T_minus_3NT,0.013267588551252839,0.011179842669990928,-0.009793264555175124,0.035708238253456946
VP009,3,Occipital,entropy__mse,3T_minus_3NT,-0.009246052186167756,0.015821417071536815,-0.039645557835958294,0.022559997705999965
VP009,3,Occipital,sensitivity__mse__scale1,3T_minus_3NT,0.013267588551252839,0.011179842669990928,-0.009793264555175124,0.035708238253456946
VP009,3,Occipital,sensitivity__mse__scale2,3T_minus_3NT,0.0030211573045938645,0.01955870814354598,-0.03703008085181484,0.04206492051977497
VP009,3,Occipital,sensitivity__mse__scale3,3T_minus_3NT,-0.009906709926544011,0.029417669092143123,-0.06961065534150436,0.044908019773737054
VP009,3,Occipital,sensitivity__mse__scale4,3T_minus_3NT,-0.06606823666711614,0.034975222821417004,-0.13756876824400838,-0.000848886043257459
VP009,3,Occipital,sensitivity__mse__scale5,3T_minus_3NT,,,,
VP009,3,Parietal,entropy__sample_entropy,3T_minus_3NT,0.001242588733151066,0.01306415627426994,-0.02372518332559245,0.028984590517408954
VP009,3,Parietal,entropy__mse,3T_minus_3NT,0.00936833888702719,0.015177265807524116,-0.02008931850769404,0.03935909329824418
VP009,3,Parietal,sensitivity__mse__scale1,3T_minus_3NT,0.001242588733151066,0.01306415627426994,-0.02372518332559245,0.028984590517408954
VP009,3,Parietal,sensitivity__mse__scale2,3T_minus_3NT,-0.008149764383149176,0.01973142920659689,-0.04653604631521071,0.03170804857069929
VP009,3,Parietal,sensitivity__mse__scale3,3T_minus_3NT,0.021549665857859043,0.019435549992902118,-0.013560571374636976,0.059293813886605526
VP009,3,Parietal,sensitivity__mse__scale4,3T_minus_3NT,0.020468800550945646,0.022916285430634543,-0.023410900161740595,0.06424299830880303
VP009,3,Parietal,sensitivity__mse__scale5,3T_minus_3NT,,,,
VP009,3,Temporal,entropy__sample_entropy,3T_minus_3NT,0.041180458719885356,0.019273893364174035,0.0039030629947288675,0.08196399558025046
VP009,3,Temporal,entropy__mse,3T_minus_3NT,0.02653122429870669,0.021288193861786646,-0.014782659233745993,0.06930290019895216
VP009,3,Temporal,sensitivity__mse__scale1,3T_minus_3NT,0.041180458719885356,0.019273893364174035,0.0039030629947288675,0.08196399558025046
VP009,3,Temporal,sensitivity__mse__scale2,3T_minus_3NT,0.021327849496750664,0.03006137027078597,-0.037278711657638214,0.0806991306062144
VP009,3,Temporal,sensitivity__mse__scale3,3T_minus_3NT,0.04116099270491376,0.03720734262742438,-0.02779990848515641,0.11518147141386396
VP009,3,Temporal,sensitivity__mse__scale4,3T_minus_3NT,-0.0016822388945898366,0.03364463347299296,-0.06690045728911893,0.065501780880974
VP009,3,Temporal,sensitivity__mse__scale5,3T_minus_3NT,,,,
VP009,3,WholeBrain,entropy__sample_entropy,3T_minus_3NT,0.012287100439332871,0.0107270995344848,-0.0076402713353500434,0.03547490568137178
VP009,3,WholeBrain,entropy__mse,3T_minus_3NT,0.012027072155407919,0.01437934833033936,-0.013768126029064808,0.04069080304287039
VP009,3,WholeBrain,sensitivity__mse__scale1,3T_minus_3NT,0.012287100439332871,0.0107270995344848,-0.0076402713353500434,0.03547490568137178
VP009,3,WholeBrain,sensitivity__mse__scale2,3T_minus_3NT,0.01076186756863546,0.01692981161398455,-0.02066152819223699,0.04556431838083652
VP009,3,WholeBrain,sensitivity__mse__scale3,3T_minus_3NT,0.01371306756923361,0.016946340822852398,-0.017719905433256345,0.04550211105474852
VP009,3,WholeBrain,sensitivity__mse__scale4,3T_minus_3NT,0.014879356167543527,0.017144151962521927,-0.017478120408979798,0.04900727289056037
VP009,3,WholeBrain,sensitivity__mse__scale5,3T_minus_3NT,,,,
VP010,2,Central,entropy__sample_entropy,2T_minus_2NT,0.05984245749830666,0.016437400138426997,0.028108020720405257,0.09024836012040399
VP010,2,Central,entropy__mse,2T_minus_2NT,0.03630753157127036,0.02336825202509596,-0.009730158519108766,0.08044381989610283
VP010,2,Central,sensitivity__mse__scale1,2T_minus_2NT,0.05984245749830666,0.016437400138426997,0.028108020720405257,0.09024836012040399
VP010,2,Central,sensitivity__mse__scale2,2T_minus_2NT,0.07401587980107077,0.027769831842565765,0.02045207424832936,0.12498416995973374
VP010,2,Central,sensitivity__mse__scale3,2T_minus_2NT,0.006193653336491964,0.036798569549064665,-0.0632297697166114,0.07602252481840599
VP010,2,Central,sensitivity__mse__scale4,2T_minus_2NT,0.041834141061640955,0.03641430282550589,-0.03005567024032556,0.11267698194508072
VP010,2,Central,sensitivity__mse__scale5,2T_minus_2NT,,,,
VP010,2,Frontal,entropy__sample_entropy,2T_minus_2NT,0.09879594926176144,0.025265314189402734,0.04940327174030548,0.146538925535489
VP010,2,Frontal,entropy__mse,2T_minus_2NT,0.13781441454597468,0.03882110079332033,0.06190534410400899,0.21235846355110047
VP010,2,Frontal,sensitivity__mse__scale1,2T_minus_2NT,0.09879594926176144,0.025265314189402734,0.04940327174030548,0.146538925535489
VP010,2,Frontal,sensitivity__mse__scale2,2T_minus_2NT,0.14238547173167204,0.042153995286282504,0.05953754692991359,0.22383154409915976
VP010,2,Frontal,sensitivity__mse__scale3,2T_minus_2NT,0.1283663038321337,0.04795998512734895,0.03427922558559251,0.21996936624270713
VP010,2,Frontal,sensitivity__mse__scale4,2T_minus_2NT,0.19207028563225376,0.045577500074702536,0.10443847357235495,0.2781832630724681
VP010,2,Frontal,sensitivity__mse__scale5,2T_minus_2NT,,,,
VP010,2,Occipital,entropy__sample_entropy,2T_minus_2NT,0.011055881792008532,0.010148502720603754,-0.010258668718757724,0.02998531198229224
VP010,2,Occipital,entropy__mse,2T_minus_2NT,0.03118159433158606,0.016964598340881137,-0.0011682725840143787,0.06404875451795512
VP010,2,Occipital,sensitivity__mse__scale1,2T_minus_2NT,0.011055881792008532,0.010148502720603754,-0.010258668718757724,0.02998531198229224
VP010,2,Occipital,sensitivity__mse__scale2,2T_minus_2NT,0.013729439819619728,0.020051016552455093,-0.024954476351414696,0.051173877323137384
VP010,2,Occipital,sensitivity__mse__scale3,2T_minus_2NT,0.003386155245383751,0.02770667810732796,-0.051177427812170745,0.05789517120544572
VP010,2,Occipital,sensitivity__mse__scale4,2T_minus_2NT,0.10786947987916215,0.03953822689301646,0.0337523274484577,0.18518472362692387
VP010,2,Occipital,sensitivity__mse__scale5,2T_minus_2NT,,,,
VP010,2,Parietal,entropy__sample_entropy,2T_minus_2NT,0.044824805677958206,0.011322187516016134,0.022816411591745547,0.06598844745370114
VP010,2,Parietal,entropy__mse,2T_minus_2NT,0.04428642245861891,0.01384083412522877,0.01758071176433258,0.07194286597013011
VP010,2,Parietal,sensitivity__mse__scale1,2T_minus_2NT,0.044824805677958206,0.011322187516016134,0.022816411591745547,0.06598844745370114
VP010,2,Parietal,sensitivity__mse__scale2,2T_minus_2NT,0.04974516370016161,0.017687222238933143,0.015095400697206053,0.08309791769729856
VP010,2,Parietal,sensitivity__mse__scale3,2T_minus_2NT,0.016711564511839392,0.021148114206236752,-0.024757465538931732,0.05778375010012156
VP010,2,Parietal,sensitivity__mse__scale4,2T_minus_2NT,0.0630639777041841,0.021000363166118915,0.023271558188151,0.10537936790446362
VP010,2,Parietal,sensitivity__mse__scale5,2T_minus_2NT,,,,
VP010,2,Temporal,entropy__sample_entropy,2T_minus_2NT,0.015427210015662638,0.014968184023505691,-0.012650034239061263,0.04528521983247893
VP010,2,Temporal,entropy__mse,2T_minus_2NT,0.016689926718792568,0.021520638431274795,-0.023685242367307673,0.05906172340284816
VP010,2,Temporal,sensitivity__mse__scale1,2T_minus_2NT,0.015427210015662638,0.014968184023505691,-0.012650034239061263,0.04528521983247893
VP010,2,Temporal,sensitivity__mse__scale2,2T_minus_2NT,0.01094393389671157,0.022084445728374626,-0.031383409665637504,0.05493033879969627
VP010,2,Temporal,sensitivity__mse__scale3,2T_minus_2NT,0.02429106986952997,0.03992561576410616,-0.054110562439587215,0.1026359165528806
VP010,2,Temporal,sensitivity__mse__scale4,2T_minus_2NT,0.053044640472558593,0.046790000149383504,-0.03423257458975996,0.14746108276932168
VP010,2,Temporal,sensitivity__mse__scale5,2T_minus_2NT,,,,
VP010,2,WholeBrain,entropy__sample_entropy,2T_minus_2NT,0.06191886181725964,0.01497959627358985,0.03235883184863926,0.09070338824147235
VP010,2,WholeBrain,entropy__mse,2T_minus_2NT,0.07679941404569442,0.02127507738304087,0.034992218555161506,0.11742526082306422
VP010,2,WholeBrain,sensitivity__mse__scale1,2T_minus_2NT,0.06191886181725964,0.01497959627358985,0.03235883184863926,0.09070338824147235
VP010,2,WholeBrain,sensitivity__mse__scale2,2T_minus_2NT,0.08210966032161963,0.024138161612551792,0.035074863900069024,0.12753713866261993
VP010,2,WholeBrain,sensitivity__mse__scale3,2T_minus_2NT,0.05870736963622919,0.02672777424348142,0.004998141227168323,0.11028514766393638
VP010,2,WholeBrain,sensitivity__mse__scale4,2T_minus_2NT,0.11249274965383085,0.024347481841114283,0.06477837464190879,0.15864676288501903
VP010,2,WholeBrain,sensitivity__mse__scale5,2T_minus_2NT,,,,
VP010,3,Central,entropy__sample_entropy,3T_minus_3NT,-0.032110819498929855,0.016329107582228115,-0.06446167705163602,0.000425005054990822
VP010,3,Central,entropy__mse,3T_minus_3NT,-0.05473288307712822,0.021755324992406684,-0.09770004351048713,-0.014527752287093357
VP010,3,Central,sensitivity__mse__scale1,3T_minus_3NT,-0.032110819498929855,0.016329107582228115,-0.06446167705163602,0.000425005054990822
VP010,3,Central,sensitivity__mse__scale2,3T_minus_3NT,-0.06344237097696412,0.02423868977286899,-0.10928472096172759,-0.016612548579539022
VP010,3,Central,sensitivity__mse__scale3,3T_minus_3NT,-0.06490278610924602,0.036180017189658804,-0.133443831036838,0.003630635514030017
VP010,3,Central,sensitivity__mse__scale4,3T_minus_3NT,-0.07220823149899731,0.0372484812443977,-0.1460832741350418,-0.0005689922457282417
VP010,3,Central,sensitivity__mse__scale5,3T_minus_3NT,,,,
VP010,3,Frontal,entropy__sample_entropy,3T_minus_3NT,-0.01588066537854514,0.024333431140512236,-0.06319210244236936,0.032330119709792174
VP010,3,Frontal,entropy__mse,3T_minus_3NT,-0.025276065009247218,0.037187467639697,-0.09673671920829861,0.0517527255006231
VP010,3,Frontal,sensitivity__mse__scale1,3T_minus_3NT,-0.01588066537854514,0.024333431140512236,-0.06319210244236936,0.032330119709792174
VP010,3,Frontal,sensitivity__mse__scale2,3T_minus_3NT,-0.02440178356686734,0.04020129119982599,-0.10052684845836915,0.055773285068384346
VP010,3,Frontal,sensitivity__mse__scale3,3T_minus_3NT,-0.020947990958679136,0.045464350498729135,-0.10645337791087543,0.07190857950735377
VP010,3,Frontal,sensitivity__mse__scale4,3T_minus_3NT,-0.036597351614580644,0.04473396139782073,-0.12305406496082161,0.05300788087017399
VP010,3,Frontal,sensitivity__mse__scale5,3T_minus_3NT,,,,
VP010,3,Occipital,entropy__sample_entropy,3T_minus_3NT,0.006132683230986583,0.011532870636212045,-0.015000381380797023,0.02922915262584166
VP010,3,Occipital,entropy__mse,3T_minus_3NT,0.011024272979380963,0.013767144823582813,-0.016728585326471555,0.037118263495155235
VP010,3,Occipital,sensitivity__mse__scale1,3T_minus_3NT,0.006132683230986583,0.011532870636212045,-0.015000381380797023,0.02922915262584166
VP010,3,Occipital,sensitivity__mse__scale2,3T_minus_3NT,0.025385051832488015,0.018006933328166143,-0.010135034190718631,0.061650963573708265
VP010,3,Occipital,sensitivity__mse__scale3,3T_minus_3NT,-0.030562467890893567,0.025760418680310666,-0.08010632328710676,0.01893015794149412
VP010,3,Occipital,sensitivity__mse__scale4,3T_minus_3NT,0.04992957627365124,0.03307809688425269,-0.01562646600276807,0.11109821291887141
VP010,3,Occipital,sensitivity__mse__scale5,3T_minus_3NT,,,,
VP010,3,Parietal,entropy__sample_entropy,3T_minus_3NT,-0.0030657344382871497,0.011794027577993322,-0.025595538701575125,0.019839409996959267
VP010,3,Parietal,entropy__mse,3T_minus_3NT,-0.01474982639272679,0.013325306628471131,-0.04037001265188552,0.01056756687939883
VP010,3,Parietal,sensitivity__mse__scale1,3T_minus_3NT,-0.0030657344382871497,0.011794027577993322,-0.025595538701575125,0.019839409996959267
VP010,3,Parietal,sensitivity__mse__scale2,3T_minus_3NT,-0.026358538255457916,0.01747103799351577,-0.06074901084964048,0.007747887043869457
VP010,3,Parietal,sensitivity__mse__scale3,3T_minus_3NT,-0.039745572838060385,0.020991252801481713,-0.08004444815639417,0.004795422053553715
VP010,3,Parietal,sensitivity__mse__scale4,3T_minus_3NT,-0.0007439737740360699,0.02083575182023914,-0.04202756134789578,0.037929786547176936
VP010,3,Parietal,sensitivity__mse__scale5,3T_minus_3NT,,,,
VP010,3,Temporal,entropy__sample_entropy,3T_minus_3NT,-0.0006355343060826058,0.014384884448575535,-0.029132363155317437,0.02789124104864944
VP010,3,Temporal,entropy__mse,3T_minus_3NT,0.005006426341551436,0.018536052911856508,-0.03215942850266003,0.03936400990705178
VP010,3,Temporal,sensitivity__mse__scale1,3T_minus_3NT,-0.0006355343060826058,0.014384884448575535,-0.029132363155317437,0.02789124104864944
VP010,3,Temporal,sensitivity__mse__scale2,3T_minus_3NT,0.012839534003872242,0.023987763775811296,-0.03367852331986286,0.0615948814827039
VP010,3,Temporal,sensitivity__mse__scale3,3T_minus_3NT,0.03470775610991097,0.034199282222419615,-0.030646670301958067,0.1026691676295775
VP010,3,Temporal,sensitivity__mse__scale4,3T_minus_3NT,-0.04789081438880463,0.03906125083493569,-0.12440181101174284,0.02782881653814919
VP010,3,Temporal,sensitivity__mse__scale5,3T_minus_3NT,,,,
VP010,3,WholeBrain,entropy__sample_entropy,3T_minus_3NT,-0.01005301451873496,0.014677260756353916,-0.03998248048972497,0.01904313653687649
VP010,3,WholeBrain,entropy__mse,3T_minus_3NT,-0.018996361794514492,0.01948680350041891,-0.05686721112572192,0.018415634013461565
VP010,3,WholeBrain,sensitivity__mse__scale1,3T_minus_3NT,-0.01005301451873496,0.014677260756353916,-0.03998248048972497,0.01904313653687649
VP010,3,WholeBrain,sensitivity__mse__scale2,3T_minus_3NT,-0.021219262605726538,0.022102113252568258,-0.06550486135604433,0.022786331510914755
VP010,3,WholeBrain,sensitivity__mse__scale3,3T_minus_3NT,-0.028974693871309153,0.02469569756894518,-0.07854150942673659,0.019426408988611407
VP010,3,WholeBrain,sensitivity__mse__scale4,3T_minus_3NT,-0.022073121126698188,0.02284593521198552,-0.06647574078889383,0.025386913059996807
VP010,3,WholeBrain,sensitivity__mse__scale5,3T_minus_3NT,,,,
VP011,2,Central,entropy__sample_entropy,2T_minus_2NT,-0.00034689823780944564,0.01048617009197805,-0.020877472703796203,0.02004416150280569
VP011,2,Central,entropy__mse,2T_minus_2NT,-0.0070597773875757976,0.01270928869874289,-0.031753894373455514,0.019166423966784252
VP011,2,Central,sensitivity__mse__scale1,2T_minus_2NT,-0.00034689823780944564,0.01048617009197805,-0.020877472703796203,0.02004416150280569
VP011,2,Central,sensitivity__mse__scale2,2T_minus_2NT,-0.003934887079108058,0.018806928980506916,-0.041828785058152206,0.03295577631615628
VP011,2,Central,sensitivity__mse__scale3,2T_minus_2NT,-0.05394401190404225,0.02943658692459208,-0.1142907287781042,0.004471521157016446
VP011,2,Central,sensitivity__mse__scale4,2T_minus_2NT,-0.00038743867916058615,0.030929676781652118,-0.06302143231100991,0.055785639998458814
VP011,2,Central,sensitivity__mse__scale5,2T_minus_2NT,,,,
VP011,2,Frontal,entropy__sample_entropy,2T_minus_2NT,-0.001714472878174101,0.015441715356080505,-0.03223200660478089,0.027843965814475256
VP011,2,Frontal,entropy__mse,2T_minus_2NT,-0.010020493028785377,0.02030154921674069,-0.05104244639214721,0.029745840041083882
VP011,2,Frontal,sensitivity__mse__scale1,2T_minus_2NT,-0.001714472878174101,0.015441715356080505,-0.03223200660478089,0.027843965814475256
VP011,2,Frontal,sensitivity__mse__scale2,2T_minus_2NT,-0.0036708327415666394,0.024389285792561506,-0.05139159915072962,0.045321096565208725
VP011,2,Frontal,sensitivity__mse__scale3,2T_minus_2NT,-0.01231448175585702,0.02700007785462315,-0.06701033676515314,0.040390701470387085
VP011,2,Frontal,sensitivity__mse__scale4,2T_minus_2NT,-0.028357051893563533,0.027456174840998843,-0.0806555518694068,0.0247034073136777
VP011,2,Frontal,sensitivity__mse__scale5,2T_minus_2NT,,,,
VP011,2,Occipital,entropy__sample_entropy,2T_minus_2NT,0.0021248026710874238,0.010670189556567405,-0.018942546790812413,0.023041368971405372
VP011,2,Occipital,entropy__mse,2T_minus_2NT,-0.0016441928284418408,0.01607893788918464,-0.033194989387614685,0.02890596129987957
VP011,2,Occipital,sensitivity__mse__scale1,2T_minus_2NT,0.0021248026710874238,0.010670189556567405,-0.018942546790812413,0.023041368971405372
VP011,2,Occipital,sensitivity__mse__scale2,2T_minus_2NT,0.0060984939445351116,0.018223407870786117,-0.030286921549391683,0.04224140897712465
VP011,2,Occipital,sensitivity__mse__scale3,2T_minus_2NT,0.04290922571825999,0.029389718983424885,-0.012188604857336366,0.10046350948119831
VP011,2,Occipital,sensitivity__mse__scale4,2T_minus_2NT,-0.06845234526829426,0.03591817411485137,-0.13855460565342792,0.003406950215876601
VP011,2,Occipital,sensitivity__mse__scale5,2T_minus_2NT,,,,
VP011,2,Parietal,entropy__sample_entropy,2T_minus_2NT,-0.0015107023711265974,0.009154237936962755,-0.019911575172541118,0.01639772066782445
VP011,2,Parietal,entropy__mse,2T_minus_2NT,0.013080970421559212,0.010233101235465685,-0.006287233805039994,0.03290327934565645
VP011,2,Parietal,sensitivity__mse__scale1,2T_minus_2NT,-0.0015107023711265974,0.009154237936962755,-0.019911575172541118,0.01639772066782445
VP011,2,Parietal,sensitivity__mse__scale2,2T_minus_2NT,-0.017670462733354195,0.013551537834134075,-0.04570319010697673,0.00854969233280354
VP011,2,Parietal,sensitivity__mse__scale3,2T_minus_2NT,0.029217214820807774,0.0196576217945129,-0.008696963927167877,0.06726230135539393
VP011,2,Parietal,sensitivity__mse__scale4,2T_minus_2NT,0.04914067365633853,0.020173493888313476,0.009405679953517921,0.08829761219807099
VP011,2,Parietal,sensitivity__mse__scale5,2T_minus_2NT,,,,
VP011,2,Temporal,entropy__sample_entropy,2T_minus_2NT,-0.008165815010804984,0.011450306557984687,-0.030382996316251774,0.013434086904998921
VP011,2,Temporal,entropy__mse,2T_minus_2NT,-0.002410260465331385,0.016036459922267144,-0.03316601043865096,0.028860507375717246
VP011,2,Temporal,sensitivity__mse__scale1,2T_minus_2NT,-0.008165815010804984,0.011450306557984687,-0.030382996316251774,0.013434086904998921
VP011,2,Temporal,sensitivity__mse__scale2,2T_minus_2NT,-0.023848023502090067,0.024965682174550037,-0.07511699396278156,0.024665753656089882
VP011,2,Temporal,sensitivity__mse__scale3,2T_minus_2NT,-0.008461858340613986,0.03506827934006821,-0.0769285456226732,0.057521619152771056
VP011,2,Temporal,sensitivity__mse__scale4,2T_minus_2NT,0.03028966177884816,0.03578794526494839,-0.039659531232048996,0.09807738915386963
VP011,2,Temporal,sensitivity__mse__scale5,2T_minus_2NT,,,,
VP011,2,WholeBrain,entropy__sample_entropy,2T_minus_2NT,-0.0015519085614938383,0.008878691027090631,-0.02005700680698718,0.01599347528305398
VP011,2,WholeBrain,entropy__mse,2T_minus_2NT,-0.0008367543250471317,0.010114821301201404,-0.02201506029929457,0.019257110557821096
VP011,2,WholeBrain,sensitivity__mse__scale1,2T_minus_2NT,-0.0015519085614938383,0.008878691027090631,-0.02005700680698718,0.01599347528305398
VP011,2,WholeBrain,sensitivity__mse__scale2,2T_minus_2NT,-0.008593519684475115,0.01289242121137791,-0.0332431931205669,0.01604583544688723
VP011,2,WholeBrain,sensitivity__mse__scale3,2T_minus_2NT,0.003426838150753163,0.014352273343944765,-0.02362006029974703,0.03141772548162365
VP011,2,WholeBrain,sensitivity__mse__scale4,2T_minus_2NT,0.0002023117320477412,0.01446748023369163,-0.026839077455172118,0.027979416593692633
VP011,2,WholeBrain,sensitivity__mse__scale5,2T_minus_2NT,,,,
VP011,3,Central,entropy__sample_entropy,3T_minus_3NT,-0.0025877895516272843,0.01160773747597402,-0.02503399880309151,0.01990057362702294
VP011,3,Central,entropy__mse,3T_minus_3NT,0.0046244776705919,0.014014589795498264,-0.020906346594286362,0.03257967631961763
VP011,3,Central,sensitivity__mse__scale1,3T_minus_3NT,-0.0025877895516272843,0.01160773747597402,-0.02503399880309151,0.01990057362702294
VP011,3,Central,sensitivity__mse__scale2,3T_minus_3NT,0.04474495582157671,0.018610494465272402,0.008196157197704914,0.08009603798604695
VP011,3,Central,sensitivity__mse__scale3,3T_minus_3NT,-0.0400879271379237,0.028933445750394943,-0.09359804971267169,0.018856979800259892
VP011,3,Central,sensitivity__mse__scale4,3T_minus_3NT,0.0014576971931778099,0.030602166064802334,-0.06054893497776659,0.06222308569601319
VP011,3,Central,sensitivity__mse__scale5,3T_minus_3NT,,,,
VP011,3,Frontal,entropy__sample_entropy,3T_minus_3NT,0.01504395558644288,0.01518636309683732,-0.015168174032081238,0.04408381503426365
VP011,3,Frontal,entropy__mse,3T_minus_3NT,-0.002333772963058246,0.018989520129299917,-0.03995442706781963,0.033661390925227706
VP011,3,Frontal,sensitivity__mse__scale1,3T_minus_3NT,0.01504395558644288,0.01518636309683732,-0.015168174032081238,0.04408381503426365
VP011,3,Frontal,sensitivity__mse__scale2,3T_minus_3NT,0.01398014068743107,0.02411970676452133,-0.03212022860110461,0.05922720163629955
VP011,3,Frontal,sensitivity__mse__scale3,3T_minus_3NT,-0.02310185825894576,0.024947978853792064,-0.06927090931650501,0.027664017825663894
VP011,3,Frontal,sensitivity__mse__scale4,3T_minus_3NT,-0.013917674158072373,0.023046616451791076,-0.05952910126629944,0.02959229903695612
VP011,3,Frontal,sensitivity__mse__scale5,3T_minus_3NT,,,,
VP011,3,Occipital,entropy__sample_entropy,3T_minus_3NT,0.03580437642749383,0.011890144809544898,0.012397190299782373,0.05897382237768323
VP011,3,Occipital,entropy__mse,3T_minus_3NT,-0.004180089195630208,0.016438926610675073,-0.03675986369351623,0.02775809768795685
VP011,3,Occipital,sensitivity__mse__scale1,3T_minus_3NT,0.03580437642749383,0.011890144809544898,0.012397190299782373,0.05897382237768323
VP011,3,Occipital,sensitivity__mse__scale2,3T_minus_3NT,0.020555661309575753,0.019918548885883805,-0.018423357923563987,0.0605174151729389
VP011,3,Occipital,sensitivity__mse__scale3,3T_minus_3NT,-0.0062870517240298995,0.035520053156584075,-0.07641050777384553,0.06558321478486415
VP011,3,Occipital,sensitivity__mse__scale4,3T_minus_3NT,-0.08557760680090729,0.035854210501372205,-0.15372731873182188,-0.013851594059974182
VP011,3,Occipital,sensitivity__mse__scale5,3T_minus_3NT,,,,
VP011,3,Parietal,entropy__sample_entropy,3T_minus_3NT,0.0016564412716861287,0.009374919714000039,-0.016827236827233073,0.019991025653368792
VP011,3,Parietal,entropy__mse,3T_minus_3NT,0.007363333594427622,0.010658375358897788,-0.013085180335914843,0.028458996611852486
VP011,3,Parietal,sensitivity__mse__scale1,3T_minus_3NT,0.0016564412716861287,0.009374919714000039,-0.016827236827233073,0.019991025653368792
VP011,3,Parietal,sensitivity__mse__scale2,3T_minus_3NT,0.025535522085275437,0.013975942509602586,-0.0021320041046744274,0.052252038464193185
VP011,3,Parietal,sensitivity__mse__scale3,3T_minus_3NT,-0.012672626866796615,0.01983667590819858,-0.05188558926527551,0.024754910738192113
VP011,3,Parietal,sensitivity__mse__scale4,3T_minus_3NT,0.009437966256286623,0.02195946293644713,-0.03261182120640327,0.052210551688015285
VP011,3,Parietal,sensitivity__mse__scale5,3T_minus_3NT,,,,
VP011,3,Temporal,entropy__sample_entropy,3T_minus_3NT,-0.028084185347830064,0.010498843057576972,-0.047786574417510115,-0.007495681242870413
VP011,3,Temporal,entropy__mse,3T_minus_3NT,0.011125118656361756,0.015785035567565577,-0.020501590724551644,0.042169322166806654
VP011,3,Temporal,sensitivity__mse__scale1,3T_minus_3NT,-0.028084185347830064,0.010498843057576972,-0.047786574417510115,-0.007495681242870413
VP011,3,Temporal,sensitivity__mse__scale2,3T_minus_3NT,-0.01808113792454619,0.02403303779430823,-0.06441465841571609,0.02854844691174439
VP011,3,Temporal,sensitivity__mse__scale3,3T_minus_3NT,-0.03917201095195092,0.03839829202113974,-0.11384782210808697,0.03689982142439956
VP011,3,Temporal,sensitivity__mse__scale4,3T_minus_3NT,0.14533928467979818,0.04285565000863291,0.06379731580837823,0.227770717547026
VP011,3,Temporal,sensitivity__mse__scale5,3T_minus_3NT,,,,
VP011,3,WholeBrain,entropy__sample_entropy,3T_minus_3NT,0.00799545974385647,0.009605342535834283,-0.011027023403284935,0.02664137729179233
VP011,3,WholeBrain,entropy__mse,3T_minus_3NT,0.0022922108033505825,0.010320840456670281,-0.017630078441106773,0.02256916042692495
VP011,3,WholeBrain,sensitivity__mse__scale1,3T_minus_3NT,0.00799545974385647,0.009605342535834283,-0.011027023403284935,0.02664137729179233
VP011,3,WholeBrain,sensitivity__mse__scale2,3T_minus_3NT,0.019405029352628157,0.013581002723632224,-0.007491509303993732,0.04683039339171111
VP011,3,WholeBrain,sensitivity__mse__scale3,3T_minus_3NT,-0.01914186354610861,0.01340847053805819,-0.0435952654748541,0.008654144174491929
VP011,3,WholeBrain,sensitivity__mse__scale4,3T_minus_3NT,-0.000498875722790254,0.014545464232484808,-0.029779037818114418,0.027513534401024334
VP011,3,WholeBrain,sensitivity__mse__scale5,3T_minus_3NT,,,,
VP012,2,Central,entropy__sample_entropy,2T_minus_2NT,0.01815346464708848,0.01950176613886474,-0.018519246053911212,0.05711761060591664
VP012,2,Central,entropy__mse,2T_minus_2NT,0.01443634774172529,0.027011746132852472,-0.03666220062355723,0.06860399142795563
VP012,2,Central,sensitivity__mse__scale1,2T_minus_2NT,0.01815346464708848,0.01950176613886474,-0.018519246053911212,0.05711761060591664
VP012,2,Central,sensitivity__mse__scale2,2T_minus_2NT,0.02476545917106461,0.030399110425188707,-0.034185889930437696,0.08373163681469982
VP012,2,Central,sensitivity__mse__scale3,2T_minus_2NT,0.03679688555558017,0.035449377441177626,-0.030386930726434603,0.10655699958084038
VP012,2,Central,sensitivity__mse__scale4,2T_minus_2NT,-0.019092854647113522,0.03738790844264828,-0.08802080642855815,0.05772050813838924
VP012,2,Central,sensitivity__mse__scale5,2T_minus_2NT,,,,
VP012,2,Frontal,entropy__sample_entropy,2T_minus_2NT,0.04545592476998985,0.027942483669094943,-0.00703239567396087,0.09808769070684054
VP012,2,Frontal,entropy__mse,2T_minus_2NT,0.07656484714827733,0.03996462716167687,0.0011813778992869623,0.14993034538500175
VP012,2,Frontal,sensitivity__mse__scale1,2T_minus_2NT,0.04545592476998985,0.027942483669094943,-0.00703239567396087,0.09808769070684054
VP012,2,Frontal,sensitivity__mse__scale2,2T_minus_2NT,0.07184902245731202,0.044708677823285595,-0.011696669944016583,0.15579696342681126
VP012,2,Frontal,sensitivity__mse__scale3,2T_minus_2NT,0.09745568117886688,0.04546902304700097,0.012175434736346155,0.18357768767098273
VP012,2,Frontal,sensitivity__mse__scale4,2T_minus_2NT,0.09328882238768714,0.04477285160322032,0.006379813856582989,0.17760228163433162
VP012,2,Frontal,sensitivity__mse__scale5,2T_minus_2NT,,,,
VP012,2,Occipital,entropy__sample_entropy,2T_minus_2NT,-0.0010185368825963278,0.009697124678178088,-0.020917833307051704,0.017450723921615348
VP012,2,Occipital,entropy__mse,2T_minus_2NT,0.037172065678973326,0.01359936768668149,0.010853985084192126,0.06249917287822774
VP012,2,Occipital,sensitivity__mse__scale1,2T_minus_2NT,-0.0010185368825963278,0.009697124678178088,-0.020917833307051704,0.017450723921615348
VP012,2,Occipital,sensitivity__mse__scale2,2T_minus_2NT,0.10714964157163084,0.02091352928089936,0.06693408919585188,0.1471935558769264
VP012,2,Occipital,sensitivity__mse__scale3,2T_minus_2NT,-0.022889800910109583,0.03324010946260937,-0.0893916674416264,0.04342030417319996
VP012,2,Occipital,sensitivity__mse__scale4,2T_minus_2NT,0.053666113258279906,0.030190198561578285,-0.006672885141504202,0.11277249687835837
VP012,2,Occipital,sensitivity__mse__scale5,2T_minus_2NT,,,,
VP012,2,Parietal,entropy__sample_entropy,2T_minus_2NT,0.010735972511735642,0.012152757163880297,-0.012793351895423782,0.035002102615459434
VP012,2,Parietal,entropy__mse,2T_minus_2NT,-0.0019801153484233685,0.014523474011260277,-0.030650582712254255,0.027328604072244137
VP012,2,Parietal,sensitivity__mse__scale1,2T_minus_2NT,0.010735972511735642,0.012152757163880297,-0.012793351895423782,0.035002102615459434
VP012,2,Parietal,sensitivity__mse__scale2,2T_minus_2NT,-0.013536426508224711,0.01922896424645692,-0.05020450603051958,0.024164142702108735
VP012,2,Parietal,sensitivity__mse__scale3,2T_minus_2NT,-0.020014788866237837,0.021543682462915728,-0.062367784393104135,0.02384395479459898
VP012,2,Parietal,sensitivity__mse__scale4,2T_minus_2NT,0.01368609696217851,0.02140822305584378,-0.028990158922056038,0.054283774736884845
VP012,2,Parietal,sensitivity__mse__scale5,2T_minus_2NT,,,,
VP012,2,Temporal,entropy__sample_entropy,2T_minus_2NT,0.028411051906592082,0.017705096110206035,-0.00582038665899241,0.06201839576643933
VP012,2,Temporal,entropy__mse,2T_minus_2NT,0.039611903611306155,0.02371703749986884,-0.0069430810069592225,0.08533539874789184
VP012,2,Temporal,sensitivity__mse__scale1,2T_minus_2NT,0.028411051906592082,0.017705096110206035,-0.00582038665899241,0.06201839576643933
VP012,2,Temporal,sensitivity__mse__scale2,2T_minus_2NT,0.042239656550555324,0.029986325132844747,-0.013816637770760197,0.10105001795346955
VP012,2,Temporal,sensitivity__mse__scale3,2T_minus_2NT,0.0890074391036741,0.03464734898478768,0.021957766536414996,0.1561277847639538
VP012,2,Temporal,sensitivity__mse__scale4,2T_minus_2NT,-0.0031557201853180034,0.03669050708352806,-0.07856733364803864,0.06795845781659046
VP012,2,Temporal,sensitivity__mse__scale5,2T_minus_2NT,,,,
VP012,2,WholeBrain,entropy__sample_entropy,2T_minus_2NT,0.02517377900650624,0.017048610265481226,-0.00768537136310283,0.05825456016609214
VP012,2,WholeBrain,entropy__mse,2T_minus_2NT,0.03780147599928386,0.02336820674135594,-0.007601409355434074,0.08289196699458193
VP012,2,WholeBrain,sensitivity__mse__scale1,2T_minus_2NT,0.02517377900650624,0.017048610265481226,-0.00768537136310283,0.05825456016609214
VP012,2,WholeBrain,sensitivity__mse__scale2,2T_minus_2NT,0.04102628656377152,0.02679037475227781,-0.01049953708378013,0.09288547009935115
VP012,2,WholeBrain,sensitivity__mse__scale3,2T_minus_2NT,0.04154867040581644,0.027480426307012296,-0.009218348710109434,0.09423972877873935
VP012,2,WholeBrain,sensitivity__mse__scale4,2T_minus_2NT,0.047045253790626254,0.026399792602228894,-0.005924317412658641,0.09815480618644515
VP012,2,WholeBrain,sensitivity__mse__scale5,2T_minus_2NT,,,,
VP012,3,Central,entropy__sample_entropy,3T_minus_3NT,-0.0023881116116911054,0.02105626369378983,-0.044830654855596314,0.03939096719257083
VP012,3,Central,entropy__mse,3T_minus_3NT,0.014096639831773668,0.029978828518431505,-0.044506061335447496,0.07307805341507272
VP012,3,Central,sensitivity__mse__scale1,3T_minus_3NT,-0.0023881116116911054,0.02105626369378983,-0.044830654855596314,0.03939096719257083
VP012,3,Central,sensitivity__mse__scale2,3T_minus_3NT,-0.018625869763321725,0.03348138593896005,-0.08273911244980535,0.044724210965290355
VP012,3,Central,sensitivity__mse__scale3,3T_minus_3NT,-0.02665766783082961,0.039539574042307464,-0.10802220662878244,0.054486853949332295
VP012,3,Central,sensitivity__mse__scale4,3T_minus_3NT,0.11226748622455714,0.03870543543084152,0.03972104337245832,0.1896810015596747
VP012,3,Central,sensitivity__mse__scale5,3T_minus_3NT,,,,
VP012,3,Frontal,entropy__sample_entropy,3T_minus_3NT,-0.0032873790559330898,0.03205943961711661,-0.06978218626754853,0.058134347618676294
VP012,3,Frontal,entropy__mse,3T_minus_3NT,-0.014413204918689424,0.04732313723146899,-0.11181030389107256,0.07523075402261262
VP012,3,Frontal,sensitivity__mse__scale1,3T_minus_3NT,-0.0032873790559330898,0.03205943961711661,-0.06978218626754853,0.058134347618676294
VP012,3,Frontal,sensitivity__mse__scale2,3T_minus_3NT,-0.015747711101997703,0.05124592945037969,-0.12073585354857683,0.08317730831444407
VP012,3,Frontal,sensitivity__mse__scale3,3T_minus_3NT,-0.02254288222238642,0.05632926402843696,-0.1397071817417462,0.08599520951955571
VP012,3,Frontal,sensitivity__mse__scale4,3T_minus_3NT,-0.013720145994062545,0.052657622817355504,-0.1199725076552253,0.08438930431254331
VP012,3,Frontal,sensitivity__mse__scale5,3T_minus_3NT,,,,
VP012,3,Occipital,entropy__sample_entropy,3T_minus_3NT,0.008750679594772423,0.009948509601820081,-0.010298470612958426,0.02821654274471376
VP012,3,Occipital,entropy__mse,3T_minus_3NT,0.03267562798458638,0.014750313152867095,0.0046857269075166194,0.06082104474918855
VP012,3,Occipital,sensitivity__mse__scale1,3T_minus_3NT,0.008750679594772423,0.009948509601820081,-0.010298470612958426,0.02821654274471376
VP012,3,Occipital,sensitivity__mse__scale2,3T_minus_3NT,0.01234177106987251,0.019105561957552676,-0.025238229577913208,0.04867217813820154
VP012,3,Occipital,sensitivity__mse__scale3,3T_minus_3NT,0.0255377441206585,0.028462689715197775,-0.030562752063002907,0.0810509819094849
VP012,3,Occipital,sensitivity__mse__scale4,3T_minus_3NT,0.12415517927888073,0.03458417278379447,0.0540498467649001,0.191315929466557
VP012,3,Occipital,sensitivity__mse__scale5,3T_minus_3NT,,,,
VP012,3,Parietal,entropy__sample_entropy,3T_minus_3NT,-0.0022535157419719216,0.01367554832321672,-0.028493988025620413,0.0247240398419352
VP012,3,Parietal,entropy__mse,3T_minus_3NT,-0.021062171067119707,0.01733788701651095,-0.05503706840008559,0.01286068884325502
VP012,3,Parietal,sensitivity__mse__scale1,3T_minus_3NT,-0.0022535157419719216,0.01367554832321672,-0.028493988025620413,0.0247240398419352
VP012,3,Parietal,sensitivity__mse__scale2,3T_minus_3NT,-0.022078947298710964,0.0199714500054963,-0.060592771474573356,0.018500034991392213
VP012,3,Parietal,sensitivity__mse__scale3,3T_minus_3NT,-0.03634522791099641,0.02686009802940053,-0.0896262438106839,0.014586228209110945
VP012,3,Parietal,sensitivity__mse__scale4,3T_minus_3NT,-0.031527828324239955,0.023664390000130608,-0.07727636639776905,0.01237541646879438
VP012,3,Parietal,sensitivity__mse__scale5,3T_minus_3NT,,,,
VP012,3,Temporal,entropy__sample_entropy,3T_minus_3NT,0.006041735002215042,0.016814972763837605,-0.026080319646700805,0.036859569316819274
VP012,3,Temporal,entropy__mse,3T_minus_3NT,-0.004128837938200401,0.022912359325761678,-0.05155679800593474,0.03814554452142875
VP012,3,Temporal,sensitivity__mse__scale1,3T_minus_3NT,0.006041735002215042,0.016814972763837605,-0.026080319646700805,0.036859569316819274
VP012,3,Temporal,sensitivity__mse__scale2,3T_minus_3NT,0.016441775117547144,0.026094913454044286,-0.03533680888709499,0.06524474947286076
VP012,3,Temporal,sensitivity__mse__scale3,3T_minus_3NT,-0.06340241731407191,0.03398671914411459,-0.12568793681112916,0.003009267916605937
VP012,3,Temporal,sensitivity__mse__scale4,3T_minus_3NT,0.03306710949158146,0.036901255541424906,-0.041607079177320656,0.1027724715773533
VP012,3,Temporal,sensitivity__mse__scale5,3T_minus_3NT,,,,
VP012,3,WholeBrain,entropy__sample_entropy,3T_minus_3NT,-0.0009025584764050052,0.01943393144752114,-0.03882956668181513,0.03600714807313895
VP012,3,WholeBrain,entropy__mse,3T_minus_3NT,-0.007715916647749169,0.026857669487080543,-0.06351643130747656,0.042856099229879874
VP012,3,WholeBrain,sensitivity__mse__scale1,3T_minus_3NT,-0.0009025584764050052,0.01943393144752114,-0.03882956668181513,0.03600714807313895
VP012,3,WholeBrain,sensitivity__mse__scale2,3T_minus_3NT,-0.012782289059129346,0.02971957551392804,-0.07525298563537541,0.044809638875745544
VP012,3,WholeBrain,sensitivity__mse__scale3,3T_minus_3NT,-0.02504345493995308,0.032943248355252704,-0.09110230240539986,0.03698621632261852
VP012,3,WholeBrain,sensitivity__mse__scale4,3T_minus_3NT,0.007509983174307258,0.028894300429028772,-0.051240684730380515,0.06294292297668401
VP012,3,WholeBrain,sensitivity__mse__scale5,3T_minus_3NT,,,,
VP013,2,Central,entropy__sample_entropy,2T_minus_2NT,0.004507411167048732,0.015661010679677376,-0.02645879196276511,0.03673375717920844
VP013,2,Central,entropy__mse,2T_minus_2NT,0.02563942744017829,0.020989884242894604,-0.016447621927837806,0.06577719552164742
VP013,2,Central,sensitivity__mse__scale1,2T_minus_2NT,0.004507411167048732,0.015661010679677376,-0.02645879196276511,0.03673375717920844
VP013,2,Central,sensitivity__mse__scale2,2T_minus_2NT,0.03108485556034621,0.026489049522624594,-0.01981401797551179,0.08252481421582115
VP013,2,Central,sensitivity__mse__scale3,2T_minus_2NT,0.03190204912815312,0.030016417227112926,-0.025228147885613755,0.09257081896048788
VP013,2,Central,sensitivity__mse__scale4,2T_minus_2NT,0.04300491929925261,0.03454859660221938,-0.02481052843530545,0.1098054746844476
VP013,2,Central,sensitivity__mse__scale5,2T_minus_2NT,,,,
VP013,2,Frontal,entropy__sample_entropy,2T_minus_2NT,0.03231911736839068,0.01607928523623591,0.0007330750881052203,0.06281515254486209
VP013,2,Frontal,entropy__mse,2T_minus_2NT,0.04219062071797366,0.025665398250152658,-0.007405741413083055,0.09361411741554808
VP013,2,Frontal,sensitivity__mse__scale1,2T_minus_2NT,0.03231911736839068,0.01607928523623591,0.0007330750881052203,0.06281515254486209
VP013,2,Frontal,sensitivity__mse__scale2,2T_minus_2NT,0.046486019597768914,0.028927592179813475,-0.01009285909779653,0.10261086390900864
VP013,2,Frontal,sensitivity__mse__scale3,2T_minus_2NT,0.060431216990023955,0.030675549308614325,0.000585458183741028,0.12251344706330312
VP013,2,Frontal,sensitivity__mse__scale4,2T_minus_2NT,0.029528710334440288,0.030204348032088206,-0.029190808639299824,0.09001168384204906
VP013,2,Frontal,sensitivity__mse__scale5,2T_minus_2NT,,,,
VP013,2,Occipital,entropy__sample_entropy,2T_minus_2NT,0.020141427523896863,0.014926610788194579,-0.009241041045043964,0.050467071211358495
VP013,2,Occipital,entropy__mse,2T_minus_2NT,0.03436632471078686,0.017997390405651695,-0.000319080405719818,0.0700801465725764
VP013,2,Occipital,sensitivity__mse__scale1,2T_minus_2NT,0.020141427523896863,0.014926610788194579,-0.009241041045043964,0.050467071211358495
VP013,2,Occipital,sensitivity__mse__scale2,2T_minus_2NT,0.04488803441733465,0.02468999246034029,-0.0035285420894831964,0.09297502140840748
VP013,2,Occipital,sensitivity__mse__scale3,2T_minus_2NT,0.07630942590055159,0.028634027454446875,0.024722637900506297,0.13330094757796795
VP013,2,Occipital,sensitivity__mse__scale4,2T_minus_2NT,-0.010668998431491925,0.03491408845378254,-0.07703888489183029,0.05412527157030748
VP013,2,Occipital,sensitivity__mse__scale5,2T_minus_2NT,,,,
VP013,2,Parietal,entropy__sample_entropy,2T_minus_2NT,0.014989094162006491,0.015395993641327451,-0.017779064190878217,0.04492581753586271
VP013,2,Parietal,entropy__mse,2T_minus_2NT,0.023902252328722704,0.016714654361320316,-0.007769781044309592,0.05620882263772832
VP013,2,Parietal,sensitivity__mse__scale1,2T_minus_2NT,0.014989094162006491,0.015395993641327451,-0.017779064190878217,0.04492581753586271
VP013,2,Parietal,sensitivity__mse__scale2,2T_minus_2NT,-0.016009106538978267,0.022434872048533578,-0.059758335255977006,0.029573802722000476
VP013,2,Parietal,sensitivity__mse__scale3,2T_minus_2NT,0.04465263670767219,0.024227034920542758,-0.0020461429557323595,0.0923044023253418
VP013,2,Parietal,sensitivity__mse__scale4,2T_minus_2NT,0.05392013284733167,0.02050178967287408,0.014129061068253169,0.0925420277691983
VP013,2,Parietal,sensitivity__mse__scale5,2T_minus_2NT,,,,
VP013,2,Temporal,entropy__sample_entropy,2T_minus_2NT,0.016430344303693153,0.01873950080846945,-0.021723697301323053,0.05387628236277612
VP013,2,Temporal,entropy__mse,2T_minus_2NT,0.005645366583113573,0.026150920403055986,-0.045897572779165376,0.05648957323364927
VP013,2,Temporal,sensitivity__mse__scale1,2T_minus_2NT,0.016430344303693153,0.01873950080846945,-0.021723697301323053,0.05387628236277612
VP013,2,Temporal,sensitivity__mse__scale2,2T_minus_2NT,0.032056470786574864,0.029795964307764572,-0.027204462719072054,0.08921123771583894
VP013,2,Temporal,sensitivity__mse__scale3,2T_minus_2NT,-0.034441825368734344,0.04127058704936484,-0.1139341792090942,0.045217778371980794
VP013,2,Temporal,sensitivity__mse__scale4,2T_minus_2NT,-0.0014887237019499317,0.04297320291316509,-0.08556365430477102,0.07987315414857207
VP013,2,Temporal,sensitivity__mse__scale5,2T_minus_2NT,,,,
VP013,2,WholeBrain,entropy__sample_entropy,2T_minus_2NT,0.02132926225680633,0.01470207164075671,-0.008506411629024779,0.05073560707861236
VP013,2,WholeBrain,entropy__mse,2T_minus_2NT,0.031090181731261924,0.01856518212229815,-0.004697321167598617,0.0692961772871667
VP013,2,WholeBrain,sensitivity__mse__scale1,2T_minus_2NT,0.02132926225680633,0.01470207164075671,-0.008506411629024779,0.05073560707861236
VP013,2,WholeBrain,sensitivity__mse__scale2,2T_minus_2NT,0.023546281008244307,0.022681759425795898,-0.02239653005505061,0.06817573063458951
VP013,2,WholeBrain,sensitivity__mse__scale3,2T_minus_2NT,0.04625110316494927,0.022375022567987436,0.003707497244974856,0.09284854109531311
VP013,2,WholeBrain,sensitivity__mse__scale4,2T_minus_2NT,0.03395976519067691,0.01844137750969476,-0.001820686818521605,0.07157501175286284
VP013,2,WholeBrain,sensitivity__mse__scale5,2T_minus_2NT,,,,
VP013,3,Central,entropy__sample_entropy,3T_minus_3NT,0.011208439687504802,0.014082230523470993,-0.017078738528752028,0.04031877274215022
VP013,3,Central,entropy__mse,3T_minus_3NT,-0.015037979927628474,0.018537428856061026,-0.0493519054417011,0.023710034299874228
VP013,3,Central,sensitivity__mse__scale1,3T_minus_3NT,0.011208439687504802,0.014082230523470993,-0.017078738528752028,0.04031877274215022
VP013,3,Central,sensitivity__mse__scale2,3T_minus_3NT,-0.005233243265106957,0.023681697248332762,-0.04953495879765661,0.04336922577517741
VP013,3,Central,sensitivity__mse__scale3,3T_minus_3NT,-0.01630243384798559,0.029434567073753363,-0.07221660299453575,0.041783081970347545
VP013,3,Central,sensitivity__mse__scale4,3T_minus_3NT,-0.05431720838771014,0.03219696573767229,-0.11591678801729619,0.012859634439031879
VP013,3,Central,sensitivity__mse__scale5,3T_minus_3NT,,,,
VP013,3,Frontal,entropy__sample_entropy,3T_minus_3NT,0.010938625904970002,0.015354405859292736,-0.020329127475910643,0.04008062399065863
VP013,3,Frontal,entropy__mse,3T_minus_3NT,0.005899153609832442,0.024723315608304684,-0.04464045831545609,0.054081177252096255
VP013,3,Frontal,sensitivity__mse__scale1,3T_minus_3NT,0.010938625904970002,0.015354405859292736,-0.020329127475910643,0.04008062399065863
VP013,3,Frontal,sensitivity__mse__scale2,3T_minus_3NT,0.006945281090096854,0.027979679807139897,-0.04976764509557197,0.06118448306036878
VP013,3,Frontal,sensitivity__mse__scale3,3T_minus_3NT,0.016624870031615082,0.028070835583386605,-0.038485428630106386,0.072032133377895
VP013,3,Frontal,sensitivity__mse__scale4,3T_minus_3NT,-0.011485104414370199,0.030769162433049477,-0.0736153345103163,0.0458738007329569
VP013,3,Frontal,sensitivity__mse__scale5,3T_minus_3NT,,,,
VP013,3,Occipital,entropy__sample_entropy,3T_minus_3NT,0.013057845866485642,0.01463678596364429,-0.01451948206735052,0.04313963558792532
VP013,3,Occipital,entropy__mse,3T_minus_3NT,0.02507242168457509,0.016937893937946015,-0.005381418355788431,0.05877452302132125
VP013,3,Occipital,sensitivity__mse__scale1,3T_minus_3NT,0.013057845866485642,0.01463678596364429,-0.01451948206735052,0.04313963558792532
VP013,3,Occipital,sensitivity__mse__scale2,3T_minus_3NT,0.004318872970582274,0.02166944464378477,-0.036737729583936805,0.047474696809235155
VP013,3,Occipital,sensitivity__mse__scale3,3T_minus_3NT,0.04387366357256862,0.03260057728770436,-0.019957210361545564,0.1068756703205707
VP013,3,Occipital,sensitivity__mse__scale4,3T_minus_3NT,0.02995285166163292,0.03507293839219995,-0.04076919718474068,0.09695694455103099
VP013,3,Occipital,sensitivity__mse__scale5,3T_minus_3NT,,,,
VP013,3,Parietal,entropy__sample_entropy,3T_minus_3NT,0.003969515085605881,0.01343245695673563,-0.021151073209334716,0.030868962750526252
VP013,3,Parietal,entropy__mse,3T_minus_3NT,-0.022589885975458728,0.014543558790137431,-0.05081673058378684,0.006461230249706298
VP013,3,Parietal,sensitivity__mse__scale1,3T_minus_3NT,0.003969515085605881,0.01343245695673563,-0.021151073209334716,0.030868962750526252
VP013,3,Parietal,sensitivity__mse__scale2,3T_minus_3NT,-0.00561326415975811,0.018839874893847756,-0.04406759928646404,0.02961876300854796
VP013,3,Parietal,sensitivity__mse__scale3,3T_minus_3NT,-0.03443656756129286,0.022979188026013737,-0.07747202773992472,0.010192609617642399
VP013,3,Parietal,sensitivity__mse__scale4,3T_minus_3NT,-0.046804289217582846,0.020127531808079274,-0.08586427294817459,-0.009515727312856605
VP013,3,Parietal,sensitivity__mse__scale5,3T_minus_3NT,,,,
VP013,3,Temporal,entropy__sample_entropy,3T_minus_3NT,0.02788290515185203,0.017768394140073317,-0.005700521165365169,0.06260347356469932
VP013,3,Temporal,entropy__mse,3T_minus_3NT,0.01689728824915693,0.025579265515474327,-0.03500871244812206,0.06724168135967695
VP013,3,Temporal,sensitivity__mse__scale1,3T_minus_3NT,0.02788290515185203,0.017768394140073317,-0.005700521165365169,0.06260347356469932
VP013,3,Temporal,sensitivity__mse__scale2,3T_minus_3NT,-0.020438122677223645,0.02866502891664316,-0.07917792003629112,0.0351922206353489
VP013,3,Temporal,sensitivity__mse__scale3,3T_minus_3NT,-0.030930028218091533,0.03942129007762004,-0.10878010966031315,0.04312029006628113
VP013,3,Temporal,sensitivity__mse__scale4,3T_minus_3NT,0.10569609276772739,0.04119824987814259,0.024576196794800265,0.18880449864343787
VP013,3,Temporal,sensitivity__mse__scale5,3T_minus_3NT,,,,
VP013,3,WholeBrain,entropy__sample_entropy,3T_minus_3NT,0.010164828131814178,0.013456919237423585,-0.01669753330378992,0.036229937148389915
VP013,3,WholeBrain,entropy__mse,3T_minus_3NT,-0.002661442225064863,0.01699954944066703,-0.03780163206745744,0.03048564468458978
VP013,3,WholeBrain,sensitivity__mse__scale1,3T_minus_3NT,0.010164828131814178,0.013456919237423585,-0.01669753330378992,0.036229937148389915
VP013,3,WholeBrain,sensitivity__mse__scale2,3T_minus_3NT,-0.0006335943458850594,0.020542543935804198,-0.04116456741195375,0.04052118886358733
VP013,3,WholeBrain,sensitivity__mse__scale3,3T_minus_3NT,-0.004545012534385682,0.020410783289280733,-0.04422244177001109,0.036101055645692284
VP013,3,WholeBrain,sensitivity__mse__scale4,3T_minus_3NT,-0.016550650712361774,0.017688667157587004,-0.05215984140726776,0.01986037393544869
VP013,3,WholeBrain,sensitivity__mse__scale5,3T_minus_3NT,,,,
VP014,2,Central,entropy__sample_entropy,2T_minus_2NT,0.03630856597574661,0.017340873472450488,0.0028837624699471908,0.07119567276994467
VP014,2,Central,entropy__mse,2T_minus_2NT,0.08262299397532907,0.025189783058147844,0.033127664448083384,0.13260566612522767
VP014,2,Central,sensitivity__mse__scale1,2T_minus_2NT,0.03630856597574661,0.017340873472450488,0.0028837624699471908,0.07119567276994467
VP014,2,Central,sensitivity__mse__scale2,2T_minus_2NT,0.06823220611437915,0.03015465785545164,0.011031605197332884,0.12675134798840734
VP014,2,Central,sensitivity__mse__scale3,2T_minus_2NT,0.08949195135712903,0.03178280454659789,0.027849487500591647,0.15381008638215343
VP014,2,Central,sensitivity__mse__scale4,2T_minus_2NT,0.14298211162068977,0.02896557548023087,0.08418447676673375,0.20024099609005508
VP014,2,Central,sensitivity__mse__scale5,2T_minus_2NT,,,,
VP014,2,Frontal,entropy__sample_entropy,2T_minus_2NT,0.06741634624387781,0.017916621982016746,0.03261637658100755,0.10308552656887143
VP014,2,Frontal,entropy__mse,2T_minus_2NT,0.1104070136840163,0.027844047409141495,0.056339995253727224,0.16502192888278613
VP014,2,Frontal,sensitivity__mse__scale1,2T_minus_2NT,0.06741634624387781,0.017916621982016746,0.03261637658100755,0.10308552656887143
VP014,2,Frontal,sensitivity__mse__scale2,2T_minus_2NT,0.12087558249309524,0.030055586315407654,0.06415680425471187,0.18002909687410798
VP014,2,Frontal,sensitivity__mse__scale3,2T_minus_2NT,0.12704585321271056,0.03190336020050045,0.06551787770897197,0.18609763430820828
VP014,2,Frontal,sensitivity__mse__scale4,2T_minus_2NT,0.12585078406016514,0.033310754747767526,0.06087747637785751,0.19002462504373124
VP014,2,Frontal,sensitivity__mse__scale5,2T_minus_2NT,,,,
VP014,2,Occipital,entropy__sample_entropy,2T_minus_2NT,0.04388181775544504,0.015062792939146842,0.014698296703776847,0.07279103872630573
VP014,2,Occipital,entropy__mse,2T_minus_2NT,0.0244220857755708,0.019584879850534666,-0.013056022119367077,0.06121445438785089
VP014,2,Occipital,sensitivity__mse__scale1,2T_minus_2NT,0.04388181775544504,0.015062792939146842,0.014698296703776847,0.07279103872630573
VP014,2,Occipital,sensitivity__mse__scale2,2T_minus_2NT,0.055117574475335045,0.023680045848757714,0.010599606530620321,0.09997773265955447
VP014,2,Occipital,sensitivity__mse__scale3,2T_minus_2NT,0.006877575263600813,0.03370374702239193,-0.05771981784601642,0.07257773509224398
VP014,2,Occipital,sensitivity__mse__scale4,2T_minus_2NT,0.0043040856883054335,0.031922472077848145,-0.05548727082070469,0.06639501698584782
VP014,2,Occipital,sensitivity__mse__scale5,2T_minus_2NT,,,,
VP014,2,Parietal,entropy__sample_entropy,2T_minus_2NT,0.025581658337976262,0.016121156248855267,-0.005053471043244645,0.05740914414201151
VP014,2,Parietal,entropy__mse,2T_minus_2NT,0.03324483484042526,0.019811519238395345,-0.004818468104488364,0.07238595249509149
VP014,2,Parietal,sensitivity__mse__scale1,2T_minus_2NT,0.025581658337976262,0.016121156248855267,-0.005053471043244645,0.05740914414201151
VP014,2,Parietal,sensitivity__mse__scale2,2T_minus_2NT,0.03074213948588993,0.023902455625073947,-0.0158449168836385,0.07912004113248411
VP014,2,Parietal,sensitivity__mse__scale3,2T_minus_2NT,0.034472056837068395,0.02656561616083053,-0.01808661165351385,0.08744778121214464
VP014,2,Parietal,sensitivity__mse__scale4,2T_minus_2NT,0.0524058030618954,0.024405950617496456,0.005319520157637537,0.10078714907553941
VP014,2,Parietal,sensitivity__mse__scale5,2T_minus_2NT,,,,
VP014,2,Temporal,entropy__sample_entropy,2T_minus_2NT,0.03816366804608165,0.016806550920844706,0.0060112765694336715,0.0724978724178316
VP014,2,Temporal,entropy__mse,2T_minus_2NT,0.02710418297691909,0.02190533070242251,-0.013820822552453881,0.07275441064394775
VP014,2,Temporal,sensitivity__mse__scale1,2T_minus_2NT,0.03816366804608165,0.016806550920844706,0.0060112765694336715,0.0724978724178316
VP014,2,Temporal,sensitivity__mse__scale2,2T_minus_2NT,-0.01189294729062286,0.028004193460744745,-0.06638456261604025,0.04481068842059467
VP014,2,Temporal,sensitivity__mse__scale3,2T_minus_2NT,0.0405206285557585,0.03256978196789514,-0.02176833149091586,0.10308646520419937
VP014,2,Temporal,sensitivity__mse__scale4,2T_minus_2NT,0.05131165518640302,0.036891439677424843,-0.02024275438376021,0.12066242000713312
VP014,2,Temporal,sensitivity__mse__scale5,2T_minus_2NT,,,,
VP014,2,WholeBrain,entropy__sample_entropy,2T_minus_2NT,0.04602547217893507,0.01464676413066597,0.017691821510093707,0.07650570265357602
VP014,2,WholeBrain,entropy__mse,2T_minus_2NT,0.06746515247480525,0.019577347833201197,0.03056251099624246,0.1065159099428885
VP014,2,WholeBrain,sensitivity__mse__scale1,2T_minus_2NT,0.04602547217893507,0.01464676413066597,0.017691821510093707,0.07650570265357602
VP014,2,WholeBrain,sensitivity__mse__scale2,2T_minus_2NT,0.06973478964231983,0.02280529921000397,0.026170316479012155,0.11607815553368289
VP014,2,WholeBrain,sensitivity__mse__scale3,2T_minus_2NT,0.07561254827615169,0.0225595561124272,0.033728148786386004,0.12218862327165748
VP014,2,WholeBrain,sensitivity__mse__scale4,2T_minus_2NT,0.07938751991905119,0.021773705029594477,0.03640861097791071,0.12076605427163566
VP014,2,WholeBrain,sensitivity__mse__scale5,2T_minus_2NT,,,,
VP014,3,Central,entropy__sample_entropy,3T_minus_3NT,0.07058602130806901,0.02076097205084226,0.029434026324542076,0.11255676548263399
VP014,3,Central,entropy__mse,3T_minus_3NT,0.1116522364669485,0.030644158598636586,0.05181174478958742,0.1759921882471623
VP014,3,Central,sensitivity__mse__scale1,3T_minus_3NT,0.07058602130806901,0.02076097205084226,0.029434026324542076,0.11255676548263399
VP014,3,Central,sensitivity__mse__scale2,3T_minus_3NT,0.12859339341521514,0.034678022312867075,0.06279983335537602,0.20190172900809852
VP014,3,Central,sensitivity__mse__scale3,3T_minus_3NT,0.13436202600945527,0.039357536588607155,0.056975387568677545,0.21408183673952827
VP014,3,Central,sensitivity__mse__scale4,3T_minus_3NT,0.12827364813903347,0.03738159849401842,0.05943264072742185,0.2009685696735062
VP014,3,Central,sensitivity__mse__scale5,3T_minus_3NT,,,,
VP014,3,Frontal,entropy__sample_entropy,3T_minus_3NT,0.12157872712252109,0.01970210507374064,0.08322538291265062,0.16095931039694572
VP014,3,Frontal,entropy__mse,3T_minus_3NT,0.18256087076155303,0.030949778016683447,0.12225496679075464,0.24550483338371085
VP014,3,Frontal,sensitivity__mse__scale1,3T_minus_3NT,0.12157872712252109,0.01970210507374064,0.08322538291265062,0.16095931039694572
VP014,3,Frontal,sensitivity__mse__scale2,3T_minus_3NT,0.20609078313150184,0.03309621605716838,0.14261026981385735,0.27332034822094814
VP014,3,Frontal,sensitivity__mse__scale3,3T_minus_3NT,0.20466466415635934,0.0360028241227583,0.13504659811418818,0.27734631321971726
VP014,3,Frontal,sensitivity__mse__scale4,3T_minus_3NT,0.19750241883855615,0.036922333297559555,0.12500826399382148,0.2693546868948232
VP014,3,Frontal,sensitivity__mse__scale5,3T_minus_3NT,,,,
VP014,3,Occipital,entropy__sample_entropy,3T_minus_3NT,0.0010338616009735544,0.016764448532002124,-0.032183119622574544,0.03340244244601144
VP014,3,Occipital,entropy__mse,3T_minus_3NT,0.003065288870350088,0.02017257588938996,-0.03918723644479891,0.04104051813903866
VP014,3,Occipital,sensitivity__mse__scale1,3T_minus_3NT,0.0010338616009735544,0.016764448532002124,-0.032183119622574544,0.03340244244601144
VP014,3,Occipital,sensitivity__mse__scale2,3T_minus_3NT,-0.02154350017280757,0.02415524404682727,-0.06848281694904983,0.02634923917380109
VP014,3,Occipital,sensitivity__mse__scale3,3T_minus_3NT,0.046022370157407906,0.030312845786807503,-0.012624230350412857,0.10349539192377631
VP014,3,Occipital,sensitivity__mse__scale4,3T_minus_3NT,-0.006565974561860151,0.03815590255342885,-0.08366894268876796,0.06743923292014165
VP014,3,Occipital,sensitivity__mse__scale5,3T_minus_3NT,,,,
VP014,3,Parietal,entropy__sample_entropy,3T_minus_3NT,0.03361330669037967,0.019286266466844715,-0.0032355290260443897,0.07207152011527632
VP014,3,Parietal,entropy__mse,3T_minus_3NT,0.05300815723473136,0.022493457371756582,0.009929425441177444,0.09800852777629113
VP014,3,Parietal,sensitivity__mse__scale1,3T_minus_3NT,0.03361330669037967,0.019286266466844715,-0.0032355290260443897,0.07207152011527632
VP014,3,Parietal,sensitivity__mse__scale2,3T_minus_3NT,0.05826015478805179,0.02673067631635947,0.007891836721971473,0.1112480133671491
VP014,3,Parietal,sensitivity__mse__scale3,3T_minus_3NT,0.07351011253355737,0.027760764678361142,0.01824004194926759,0.1271657324347895
VP014,3,Parietal,sensitivity__mse__scale4,3T_minus_3NT,0.05637747868981245,0.027540520651263185,0.002110508723849266,0.10975363028547909
VP014,3,Parietal,sensitivity__mse__scale5,3T_minus_3NT,,,,
VP014,3,Temporal,entropy__sample_entropy,3T_minus_3NT,0.023535250655413162,0.02116179292710963,-0.01746173152563559,0.06509995852255782
VP014,3,Temporal,entropy__mse,3T_minus_3NT,0.07221958590753996,0.023921108647234755,0.024967029730750556,0.12031007847147346
VP014,3,Temporal,sensitivity__mse__scale1,3T_minus_3NT,0.023535250655413162,0.02116179292710963,-0.01746173152563559,0.06509995852255782
VP014,3,Temporal,sensitivity__mse__scale2,3T_minus_3NT,0.07579104389961883,0.03200812139665275,0.015019867388448061,0.13609953491599178
VP014,3,Temporal,sensitivity__mse__scale3,3T_minus_3NT,0.0747655261488365,0.034057420195131256,0.012448297142612638,0.14155962254844903
VP014,3,Temporal,sensitivity__mse__scale4,3T_minus_3NT,0.14419940621615723,0.037759737586590014,0.0698421455247088,0.2174145793573948
VP014,3,Temporal,sensitivity__mse__scale5,3T_minus_3NT,,,,
VP014,3,WholeBrain,entropy__sample_entropy,3T_minus_3NT,0.06792199673568211,0.01742121507250627,0.034497387608420624,0.10298535840961909
VP014,3,WholeBrain,entropy__mse,3T_minus_3NT,0.10620838361845153,0.023506048660460153,0.06033400858536989,0.15385512896610445
VP014,3,WholeBrain,sensitivity__mse__scale1,3T_minus_3NT,0.06792199673568211,0.01742121507250627,0.034497387608420624,0.10298535840961909
VP014,3,WholeBrain,sensitivity__mse__scale2,3T_minus_3NT,0.11657399196662309,0.026641284487769673,0.06456256219922137,0.17058798338735515
VP014,3,WholeBrain,sensitivity__mse__scale3,3T_minus_3NT,0.128202958514914,0.027923160433187422,0.07587727382499287,0.18471334949450846
VP014,3,WholeBrain,sensitivity__mse__scale4,3T_minus_3NT,0.11663026647939313,0.025923430462644826,0.06635830942310635,0.16951727261672137
VP014,3,WholeBrain,sensitivity__mse__scale5,3T_minus_3NT,,,,
VP015,2,Central,entropy__sample_entropy,2T_minus_2NT,0.06402284270254766,0.01948081667236051,0.026571730188269208,0.10270168680839352
VP015,2,Central,entropy__mse,2T_minus_2NT,0.07515408304027082,0.025315359468277225,0.027156089034452963,0.12381018602056272
VP015,2,Central,sensitivity__mse__scale1,2T_minus_2NT,0.06402284270254766,0.01948081667236051,0.026571730188269208,0.10270168680839352
VP015,2,Central,sensitivity__mse__scale2,2T_minus_2NT,0.06370038394134227,0.03013785877877201,0.00483014191533207,0.12448574863985974
VP015,2,Central,sensitivity__mse__scale3,2T_minus_2NT,0.12520338587159915,0.030089756591639594,0.06556792207674897,0.18521218556962574
VP015,2,Central,sensitivity__mse__scale4,2T_minus_2NT,0.04125462214739353,0.036585472172920415,-0.03143255903418744,0.1125425730089963
VP015,2,Central,sensitivity__mse__scale5,2T_minus_2NT,,,,
VP015,2,Frontal,entropy__sample_entropy,2T_minus_2NT,0.05759897622990395,0.024302732564597068,0.012099978453411544,0.10437695157162524
VP015,2,Frontal,entropy__mse,2T_minus_2NT,0.09010417919579672,0.03563262782610632,0.024320369446875916,0.15712290758666156
VP015,2,Frontal,sensitivity__mse__scale1,2T_minus_2NT,0.05759897622990395,0.024302732564597068,0.012099978453411544,0.10437695157162524
VP015,2,Frontal,sensitivity__mse__scale2,2T_minus_2NT,0.09209195935058268,0.03918529345592941,0.01933149995425743,0.1668640635665767
VP015,2,Frontal,sensitivity__mse__scale3,2T_minus_2NT,0.10753695065651793,0.04146446746901317,0.031107934465734052,0.18448784014143443
VP015,2,Frontal,sensitivity__mse__scale4,2T_minus_2NT,0.10173835778627521,0.04068288178556316,0.02598173106011158,0.17699319910637332
VP015,2,Frontal,sensitivity__mse__scale5,2T_minus_2NT,,,,
VP015,2,Occipital,entropy__sample_entropy,2T_minus_2NT,0.007491538664727349,0.016251610475921604,-0.024102345167702988,0.03738263240570703
VP015,2,Occipital,entropy__mse,2T_minus_2NT,0.021897149088292076,0.01843440179872902,-0.015432448931815163,0.05626314729882244
VP015,2,Occipital,sensitivity__mse__scale1,2T_minus_2NT,0.007491538664727349,0.016251610475921604,-0.024102345167702988,0.03738263240570703
VP015,2,Occipital,sensitivity__mse__scale2,2T_minus_2NT,0.032415226894510665,0.025976653542742072,-0.01952390287697606,0.0795895319954439
VP015,2,Occipital,sensitivity__mse__scale3,2T_minus_2NT,0.08011284111375985,0.03222565418076766,0.01632070539885473,0.14421388815646954
VP015,2,Occipital,sensitivity__mse__scale4,2T_minus_2NT,-0.05179375108640034,0.03578616853030803,-0.1196345056718713,0.021354759831122724
VP015,2,Occipital,sensitivity__mse__scale5,2T_minus_2NT,,,,
VP015,2,Parietal,entropy__sample_entropy,2T_minus_2NT,0.04337956299255868,0.015378300565133136,0.013958974096676019,0.07386400034980592
VP015,2,Parietal,entropy__mse,2T_minus_2NT,0.026950781569667334,0.01867853947342454,-0.006317573722685926,0.06255546191032807
VP015,2,Parietal,sensitivity__mse__scale1,2T_minus_2NT,0.04337956299255868,0.015378300565133136,0.013958974096676019,0.07386400034980592
VP015,2,Parietal,sensitivity__mse__scale2,2T_minus_2NT,0.04928681963333935,0.019944430594108768,0.011964049505491597,0.08723609406619805
VP015,2,Parietal,sensitivity__mse__scale3,2T_minus_2NT,0.02014844953496415,0.025862440909912073,-0.028619653156033847,0.07101353117434556
VP015,2,Parietal,sensitivity__mse__scale4,2T_minus_2NT,-0.011330160554787817,0.026532920822624526,-0.060809252091292725,0.040324473030429235
VP015,2,Parietal,sensitivity__mse__scale5,2T_minus_2NT,,,,
VP015,2,Temporal,entropy__sample_entropy,2T_minus_2NT,0.033491844082168404,0.017261805090518778,0.00238520697017865,0.06829258959770054
VP015,2,Temporal,entropy__mse,2T_minus_2NT,0.019953980343499003,0.022479750265966294,-0.025382178130661952,0.0632989016373239
VP015,2,Temporal,sensitivity__mse__scale1,2T_minus_2NT,0.033491844082168404,0.017261805090518778,0.00238520697017865,0.06829258959770054
VP015,2,Temporal,sensitivity__mse__scale2,2T_minus_2NT,0.07347342026423492,0.02868226102916118,0.01873772926347973,0.12990219428021635
VP015,2,Temporal,sensitivity__mse__scale3,2T_minus_2NT,-0.02404765579147424,0.036618293118868966,-0.09633907157325938,0.04592017908853107
VP015,2,Temporal,sensitivity__mse__scale4,2T_minus_2NT,0.0004488259295112178,0.04039663331503084,-0.07751267079094683,0.08268745570760905
VP015,2,Temporal,sensitivity__mse__scale5,2T_minus_2NT,,,,
VP015,2,WholeBrain,entropy__sample_entropy,2T_minus_2NT,0.04662612991886182,0.017614228483110676,0.013485381306909398,0.0804605639557763
VP015,2,WholeBrain,entropy__mse,2T_minus_2NT,0.055884452226909076,0.02306657854641774,0.013726165724126122,0.09964135757153385
VP015,2,WholeBrain,sensitivity__mse__scale1,2T_minus_2NT,0.04662612991886182,0.017614228483110676,0.013485381306909398,0.0804605639557763
VP015,2,WholeBrain,sensitivity__mse__scale2,2T_minus_2NT,0.06756737866401748,0.02614086145499438,0.018489634480739515,0.11816072829681576
VP015,2,WholeBrain,sensitivity__mse__scale3,2T_minus_2NT,0.06888426323853526,0.027001041797856902,0.019098225706636923,0.12020532043554752
VP015,2,WholeBrain,sensitivity__mse__scale4,2T_minus_2NT,0.040915800416376526,0.025990188662273896,-0.007634515983512047,0.09117778591333624
VP015,2,WholeBrain,sensitivity__mse__scale5,2T_minus_2NT,,,,
VP015,3,Central,entropy__sample_entropy,3T_minus_3NT,0.11049112471421875,0.02204633530355692,0.06861022026108575,0.15188492685262053
VP015,3,Central,entropy__mse,3T_minus_3NT,0.14863827325150675,0.026040773513886922,0.09594182840168448,0.1989270256547281
VP015,3,Central,sensitivity__mse__scale1,3T_minus_3NT,0.11049112471421875,0.02204633530355692,0.06861022026108575,0.15188492685262053
VP015,3,Central,sensitivity__mse__scale2,3T_minus_3NT,0.17234414736762796,0.027748823905116165,0.11836614689945937,0.22538464676211645
VP015,3,Central,sensitivity__mse__scale3,3T_minus_3NT,0.15794640756202052,0.034772913350269295,0.0878612619082031,0.22550859173881962
VP015,3,Central,sensitivity__mse__scale4,3T_minus_3NT,0.16803274789722009,0.03580164314635203,0.09877663480842949,0.2364028362500006
VP015,3,Central,sensitivity__mse__scale5,3T_minus_3NT,,,,
VP015,3,Frontal,entropy__sample_entropy,3T_minus_3NT,0.1334217106242711,0.025308954938006785,0.08433535828851406,0.18252610805814048
VP015,3,Frontal,entropy__mse,3T_minus_3NT,0.18796591944876007,0.039576022528642396,0.11000238448023845,0.2675547015684718
VP015,3,Frontal,sensitivity__mse__scale1,3T_minus_3NT,0.1334217106242711,0.025308954938006785,0.08433535828851406,0.18252610805814048
VP015,3,Frontal,sensitivity__mse__scale2,3T_minus_3NT,0.21195825920764363,0.04171282866034338,0.12830341847834412,0.29483596285133484
VP015,3,Frontal,sensitivity__mse__scale3,3T_minus_3NT,0.21724456864114466,0.04581861008838719,0.12620838154172853,0.30882398788116655
VP015,3,Frontal,sensitivity__mse__scale4,3T_minus_3NT,0.18928707340074438,0.04854703132471872,0.0926893920454648,0.2853368379167952
VP015,3,Frontal,sensitivity__mse__scale5,3T_minus_3NT,,,,
VP015,3,Occipital,entropy__sample_entropy,3T_minus_3NT,0.028166494105133118,0.014248470581817515,-0.00022624657049296053,0.054751213726612326
VP015,3,Occipital,entropy__mse,3T_minus_3NT,0.05099130864971532,0.01773699634415122,0.015251117650555878,0.08558179383998937
VP015,3,Occipital,sensitivity__mse__scale1,3T_minus_3NT,0.028166494105133118,0.014248470581817515,-0.00022624657049296053,0.054751213726612326
VP015,3,Occipital,sensitivity__mse__scale2,3T_minus_3NT,0.0389171836814191,0.024253763239586928,-0.007019816980203785,0.08671742360884335
VP015,3,Occipital,sensitivity__mse__scale3,3T_minus_3NT,0.007085820344247588,0.03466163499698225,-0.062337155638333676,0.07110261793329167
VP015,3,Occipital,sensitivity__mse__scale4,3T_minus_3NT,0.12081753189130823,0.034211489356955324,0.0527489330475843,0.18609879264303913
VP015,3,Occipital,sensitivity__mse__scale5,3T_minus_3NT,,,,
VP015,3,Parietal,entropy__sample_entropy,3T_minus_3NT,0.06214738478785176,0.016355599368233758,0.0309060285839289,0.0934695882577943
VP015,3,Parietal,entropy__mse,3T_minus_3NT,0.08004665779533318,0.01943760251947217,0.04295671470634912,0.11605277752187892
VP015,3,Parietal,sensitivity__mse__scale1,3T_minus_3NT,0.06214738478785176,0.016355599368233758,0.0309060285839289,0.0934695882577943
VP015,3,Parietal,sensitivity__mse__scale2,3T_minus_3NT,0.08566707065015035,0.02245124639668474,0.04335166484930082,0.12937291859882374
VP015,3,Parietal,sensitivity__mse__scale3,3T_minus_3NT,0.09816774717403484,0.027120931371411812,0.042482284337616,0.14734650052631523
VP015,3,Parietal,sensitivity__mse__scale4,3T_minus_3NT,0.07092233999606816,0.02635182998948408,0.020541387636519814,0.12250743269845381
VP015,3,Parietal,sensitivity__mse__scale5,3T_minus_3NT,,,,
VP015,3,Temporal,entropy__sample_entropy,3T_minus_3NT,0.07037682000369504,0.01756435833463555,0.03705067579454201,0.10333429674066913
VP015,3,Temporal,entropy__mse,3T_minus_3NT,0.07685943332877729,0.023010227051008067,0.03337846519774605,0.12228273091582223
VP015,3,Temporal,sensitivity__mse__scale1,3T_minus_3NT,0.07037682000369504,0.01756435833463555,0.03705067579454201,0.10333429674066913
VP015,3,Temporal,sensitivity__mse__scale2,3T_minus_3NT,0.07235846495547112,0.026352485104478,0.020346608190428727,0.12347715324292735
VP015,3,Temporal,sensitivity__mse__scale3,3T_minus_3NT,0.04266075522893053,0.035923305738814845,-0.03328021309818059,0.11242481452599773
VP015,3,Temporal,sensitivity__mse__scale4,3T_minus_3NT,0.12868150814258894,0.03799835937779408,0.05511542954397028,0.19958597321092003
VP015,3,Temporal,sensitivity__mse__scale5,3T_minus_3NT,,,,
VP015,3,WholeBrain,entropy__sample_entropy,3T_minus_3NT,0.09227470630082485,0.018064460141532266,0.058446352924644056,0.12701696339724616
VP015,3,WholeBrain,entropy__mse,3T_minus_3NT,0.12645188023055684,0.024817047635810306,0.07793875261926285,0.1747698908878261
VP015,3,WholeBrain,sensitivity__mse__scale1,3T_minus_3NT,0.09227470630082485,0.018064460141532266,0.058446352924644056,0.12701696339724616
VP015,3,WholeBrain,sensitivity__mse__scale2,3T_minus_3NT,0.13856652190272786,0.0264500936253285,0.08760312030228234,0.19000718833754196
VP015,3,WholeBrain,sensitivity__mse__scale3,3T_minus_3NT,0.13782054524679363,0.02929624001861339,0.07902186012136356,0.19541049858478768
VP015,3,WholeBrain,sensitivity__mse__scale4,3T_minus_3NT,0.13679899951485042,0.029971743296995028,0.07618229619486395,0.19529823535562402
VP015,3,WholeBrain,sensitivity__mse__scale5,3T_minus_3NT,,,,
VP016,2,Central,entropy__sample_entropy,2T_minus_2NT,0.018063521677559122,0.00629134853119601,0.0064315884838489455,0.03090508973852013
VP016,2,Central,entropy__mse,2T_minus_2NT,0.0340259786162857,0.013728980280387734,0.008822881728477236,0.06093747598637665
VP016,2,Central,sensitivity__mse__scale1,2T_minus_2NT,0.018063521677559122,0.00629134853119601,0.0064315884838489455,0.03090508973852013
VP016,2,Central,sensitivity__mse__scale2,2T_minus_2NT,0.02881221696610439,0.012867151985002115,0.0047883045345240354,0.05447355124338172
VP016,2,Central,sensitivity__mse__scale3,2T_minus_2NT,0.048619972756150154,0.017443961068921075,0.016533443469729927,0.08228862691928893
VP016,2,Central,sensitivity__mse__scale4,2T_minus_2NT,0.04060820306532996,0.021427261831856427,0.0003822822094455452,0.08235096474907998
VP016,2,Central,sensitivity__mse__scale5,2T_minus_2NT,,,,
VP016,2,Frontal,entropy__sample_entropy,2T_minus_2NT,0.00487212024055523,0.003958653528686483,-0.0030208465966124398,0.012526529179611686
VP016,2,Frontal,entropy__mse,2T_minus_2NT,0.006644206139337224,0.0076267787414189695,-0.007962377359192196,0.02226565996120672
VP016,2,Frontal,sensitivity__mse__scale1,2T_minus_2NT,0.00487212024055523,0.003958653528686483,-0.0030208465966124398,0.012526529179611686
VP016,2,Frontal,sensitivity__mse__scale2,2T_minus_2NT,0.008995676614555265,0.006578566994707074,-0.00400039203916536,0.022260862563842784
VP016,2,Frontal,sensitivity__mse__scale3,2T_minus_2NT,0.008168848002684151,0.009315490039725989,-0.01000199326747092,0.027560442709126255
VP016,2,Frontal,sensitivity__mse__scale4,2T_minus_2NT,0.004540179699554219,0.011387408973855657,-0.018138586366775275,0.02831658427048589
VP016,2,Frontal,sensitivity__mse__scale5,2T_minus_2NT,,,,
VP016,2,Occipital,entropy__sample_entropy,2T_minus_2NT,0.006463418360172399,0.009600549353585562,-0.012528200432753421,0.024290112045157054
VP016,2,Occipital,entropy__mse,2T_minus_2NT,-0.01864013682411236,0.018106887276958417,-0.05456054950206924,0.016988098994895926
VP016,2,Occipital,sensitivity__mse__scale1,2T_minus_2NT,0.006463418360172399,0.009600549353585562,-0.012528200432753421,0.024290112045157054
VP016,2,Occipital,sensitivity__mse__scale2,2T_minus_2NT,0.016436383453452746,0.019017869493297826,-0.020103654569691636,0.05377741353945787
VP016,2,Occipital,sensitivity__mse__scale3,2T_minus_2NT,-0.017008074096583142,0.02540195395322865,-0.0679490919827975,0.03063653069674095
VP016,2,Occipital,sensitivity__mse__scale4,2T_minus_2NT,-0.07559456257480282,0.0371707356859243,-0.1500416243102319,-0.004375016029363398
VP016,2,Occipital,sensitivity__mse__scale5,2T_minus_2NT,,,,
VP016,2,Parietal,entropy__sample_entropy,2T_minus_2NT,0.007359393355026209,0.007343915928216133,-0.006496396340480095,0.02172538608551414
VP016,2,Parietal,entropy__mse,2T_minus_2NT,0.023184760959247958,0.014594975518020714,-0.005455163381918936,0.0508415713004504
VP016,2,Parietal,sensitivity__mse__scale1,2T_minus_2NT,0.007359393355026209,0.007343915928216133,-0.006496396340480095,0.02172538608551414
VP016,2,Parietal,sensitivity__mse__scale2,2T_minus_2NT,0.021137224502158044,0.014719823004519903,-0.006528314076928343,0.05031908603021337
VP016,2,Parietal,sensitivity__mse__scale3,2T_minus_2NT,0.025654188779616508,0.018133073284453714,-0.00899082550236796,0.061048373455731574
VP016,2,Parietal,sensitivity__mse__scale4,2T_minus_2NT,0.0391191324175514,0.02347377148060784,-0.0076413068594722855,0.08409235614926219
VP016,2,Parietal,sensitivity__mse__scale5,2T_minus_2NT,,,,
VP016,2,Temporal,entropy__sample_entropy,2T_minus_2NT,0.010497916650699572,0.01103731355410353,-0.010655100722568483,0.03276382757741647
VP016,2,Temporal,entropy__mse,2T_minus_2NT,0.0025750067425342475,0.014525527084553985,-0.026261152796468085,0.03188287180346815
VP016,2,Temporal,sensitivity__mse__scale1,2T_minus_2NT,0.010497916650699572,0.01103731355410353,-0.010655100722568483,0.03276382757741647
VP016,2,Temporal,sensitivity__mse__scale2,2T_minus_2NT,0.0026529813133203623,0.01758044515152955,-0.032581866966105745,0.03472725087083856
VP016,2,Temporal,sensitivity__mse__scale3,2T_minus_2NT,-0.026392967145304827,0.020166158740625707,-0.06491647951649782,0.013340955242157268
VP016,2,Temporal,sensitivity__mse__scale4,2T_minus_2NT,0.01830266152046048,0.02420337621642215,-0.03064825036293155,0.06435819238524317
VP016,2,Temporal,sensitivity__mse__scale5,2T_minus_2NT,,,,
VP016,2,WholeBrain,entropy__sample_entropy,2T_minus_2NT,0.0076573041519977505,0.005194416036742899,-0.0019849862167699225,0.017537613054287308
VP016,2,WholeBrain,entropy__mse,2T_minus_2NT,0.01189488053669758,0.009707801603307477,-0.0069548796170007835,0.031199690447703498
VP016,2,WholeBrain,sensitivity__mse__scale1,2T_minus_2NT,0.0076573041519977505,0.005194416036742899,-0.0019849862167699225,0.017537613054287308
VP016,2,WholeBrain,sensitivity__mse__scale2,2T_minus_2NT,0.015365686684458623,0.009726214568754115,-0.0024586618991590528,0.0343756117784284
VP016,2,WholeBrain,sensitivity__mse__scale3,2T_minus_2NT,0.013051714190134012,0.011854478361310929,-0.009264353510341161,0.03604190420493832
VP016,2,WholeBrain,sensitivity__mse__scale4,2T_minus_2NT,0.009738789829085291,0.013889872043192582,-0.01714505631613155,0.03652280380273053
VP016,2,WholeBrain,sensitivity__mse__scale5,2T_minus_2NT,,,,
VP016,3,Central,entropy__sample_entropy,3T_minus_3NT,-0.024940189833684984,0.007338218341690821,-0.039544236028418,-0.010117724004825142
VP016,3,Central,entropy__mse,3T_minus_3NT,-0.03371221026353266,0.015497489434460103,-0.06365872882194751,-0.003174811626077509
VP016,3,Central,sensitivity__mse__scale1,3T_minus_3NT,-0.024940189833684984,0.007338218341690821,-0.039544236028418,-0.010117724004825142
VP016,3,Central,sensitivity__mse__scale2,3T_minus_3NT,-0.04643987115938265,0.01426967468610329,-0.07411163067077697,-0.018346167074308164
VP016,3,Central,sensitivity__mse__scale3,3T_minus_3NT,-0.03917989134918582,0.019684551266069106,-0.07648630097036274,-0.0002934814540351503
VP016,3,Central,sensitivity__mse__scale4,3T_minus_3NT,-0.02428888871187739,0.024747583052906263,-0.07317574682522615,0.02556645922799869
VP016,3,Central,sensitivity__mse__scale5,3T_minus_3NT,,,,
VP016,3,Frontal,entropy__sample_entropy,3T_minus_3NT,-0.011664801527229643,0.005129307233335789,-0.021849107729921748,-0.0019531265389338918
VP016,3,Frontal,entropy__mse,3T_minus_3NT,-0.013953290776193452,0.009033286634448691,-0.03142797254345684,0.0030748806333915427
VP016,3,Frontal,sensitivity__mse__scale1,3T_minus_3NT,-0.011664801527229643,0.005129307233335789,-0.021849107729921748,-0.0019531265389338918
VP016,3,Frontal,sensitivity__mse__scale2,3T_minus_3NT,-0.019242289583149875,0.008571169761191693,-0.03586068193251897,-0.0030822420653366504
VP016,3,Frontal,sensitivity__mse__scale3,3T_minus_3NT,-0.016564336208106233,0.010403916177321034,-0.036920536533721814,0.003861614468708847
VP016,3,Frontal,sensitivity__mse__scale4,3T_minus_3NT,-0.008341735786287914,0.013018835509647383,-0.03353145713859977,0.01712900595602735
VP016,3,Frontal,sensitivity__mse__scale5,3T_minus_3NT,,,,
VP016,3,Occipital,entropy__sample_entropy,3T_minus_3NT,0.005781143135711184,0.011636328667536479,-0.01640107223287156,0.028433590693065128
VP016,3,Occipital,entropy__mse,3T_minus_3NT,0.008085197718167283,0.02145471103380584,-0.03270427511131489,0.05060491036148668
VP016,3,Occipital,sensitivity__mse__scale1,3T_minus_3NT,0.005781143135711184,0.011636328667536479,-0.01640107223287156,0.028433590693065128
VP016,3,Occipital,sensitivity__mse__scale2,3T_minus_3NT,0.0147095185845542,0.022181484367891923,-0.02710640471539719,0.05923949249909368
VP016,3,Occipital,sensitivity__mse__scale3,3T_minus_3NT,-0.014290697966504019,0.034032233859143494,-0.0862982297419344,0.04786439123519163
VP016,3,Occipital,sensitivity__mse__scale4,3T_minus_3NT,0.017806287509932326,0.03638902315207155,-0.054719811180607356,0.08791734378829097
VP016,3,Occipital,sensitivity__mse__scale5,3T_minus_3NT,,,,
VP016,3,Parietal,entropy__sample_entropy,3T_minus_3NT,-0.011917302402267795,0.009090148481030609,-0.02967702234256166,0.005964385155129035
VP016,3,Parietal,entropy__mse,3T_minus_3NT,-5.392692198600324e-05,0.01660810029108662,-0.032227125155903175,0.033480241538745646
VP016,3,Parietal,sensitivity__mse__scale1,3T_minus_3NT,-0.011917302402267795,0.009090148481030609,-0.02967702234256166,0.005964385155129035
VP016,3,Parietal,sensitivity__mse__scale2,3T_minus_3NT,-0.014910664750886314,0.017450132028972446,-0.047959272354465794,0.02002801933922987
VP016,3,Parietal,sensitivity__mse__scale3,3T_minus_3NT,0.007722689391672226,0.021497165304263485,-0.03510081865142762,0.05111729677177492
VP016,3,Parietal,sensitivity__mse__scale4,3T_minus_3NT,0.01661089008983973,0.024286284468776433,-0.02998526830965787,0.06382811748413832
VP016,3,Parietal,sensitivity__mse__scale5,3T_minus_3NT,,,,
VP016,3,Temporal,entropy__sample_entropy,3T_minus_3NT,-0.04506483768669544,0.013090634630686626,-0.0706312951431589,-0.019633653886055216
VP016,3,Temporal,entropy__mse,3T_minus_3NT,-0.051149783560719836,0.01694543692088188,-0.08344763359655535,-0.01861402815232721
VP016,3,Temporal,sensitivity__mse__scale1,3T_minus_3NT,-0.04506483768669544,0.013090634630686626,-0.0706312951431589,-0.019633653886055216
VP016,3,Temporal,sensitivity__mse__scale2,3T_minus_3NT,-0.055164822428538145,0.019853588471512994,-0.09380494522385396,-0.0164064248126564
VP016,3,Temporal,sensitivity__mse__scale3,3T_minus_3NT,-0.05882001801627215,0.024842540566543562,-0.10726537400728753,-0.008698105855210704
VP016,3,Temporal,sensitivity__mse__scale4,3T_minus_3NT,-0.036841472339139016,0.027113886267708984,-0.08840218785865714,0.013257198611903033
VP016,3,Temporal,sensitivity__mse__scale5,3T_minus_3NT,,,,
VP016,3,WholeBrain,entropy__sample_entropy,3T_minus_3NT,-0.013684834067401733,0.006697651804268266,-0.026531196241412817,-0.0004622618615191593
VP016,3,WholeBrain,entropy__mse,3T_minus_3NT,-0.01189829091405488,0.011697538727413954,-0.0339114154831906,0.011264516764452346
VP016,3,WholeBrain,sensitivity__mse__scale1,3T_minus_3NT,-0.013684834067401733,0.006697651804268266,-0.026531196241412817,-0.0004622618615191593
VP016,3,WholeBrain,sensitivity__mse__scale2,3T_minus_3NT,-0.01969220966979216,0.011914446547059143,-0.041949388574047015,0.004742442026540364
VP016,3,WholeBrain,sensitivity__mse__scale3,3T_minus_3NT,-0.014316781639012639,0.01425860160484043,-0.04128898626147969,0.013826667676353845
VP016,3,WholeBrain,sensitivity__mse__scale4,3T_minus_3NT,-0.0007360149798337099,0.016072523114135852,-0.030915939939418966,0.03153421451097587
VP016,3,WholeBrain,sensitivity__mse__scale5,3T_minus_3NT,,,,
VP017,2,Central,entropy__sample_entropy,2T_minus_2NT,-0.025811822347779373,0.012681610112298299,-0.05060734087540087,-0.002541330830401484
VP017,2,Central,entropy__mse,2T_minus_2NT,-0.04824681691719576,0.017397434149775244,-0.08372474687929744,-0.014952636018398321
VP017,2,Central,sensitivity__mse__scale1,2T_minus_2NT,-0.025811822347779373,0.012681610112298299,-0.05060734087540087,-0.002541330830401484
VP017,2,Central,sensitivity__mse__scale2,2T_minus_2NT,-0.03670956766460953,0.020900514448630468,-0.07661796759559343,0.0015654671529462844
VP017,2,Central,sensitivity__mse__scale3,2T_minus_2NT,-0.09013591749604666,0.02930425783382788,-0.14676262420820188,-0.03413374460885714
VP017,2,Central,sensitivity__mse__scale4,2T_minus_2NT,-0.06082789269975869,0.033675558428531815,-0.12583969529944958,0.0054991278081864756
VP017,2,Central,sensitivity__mse__scale5,2T_minus_2NT,,,,
VP017,2,Frontal,entropy__sample_entropy,2T_minus_2NT,-0.02295242995695298,0.017741904578212214,-0.057335999456350165,0.011915609758458304
VP017,2,Frontal,entropy__mse,2T_minus_2NT,-0.03887758861938811,0.025834314175006333,-0.08640950081838962,0.01191445545591487
VP017,2,Frontal,sensitivity__mse__scale1,2T_minus_2NT,-0.02295242995695298,0.017741904578212214,-0.057335999456350165,0.011915609758458304
VP017,2,Frontal,sensitivity__mse__scale2,2T_minus_2NT,-0.02624445097494231,0.02873850789582671,-0.0834038316461038,0.03145304118764708
VP017,2,Frontal,sensitivity__mse__scale3,2T_minus_2NT,-0.05364594427550252,0.031170185773356916,-0.11620226786301424,0.006976803720341866
VP017,2,Frontal,sensitivity__mse__scale4,2T_minus_2NT,-0.05348251871870121,0.031765281918077225,-0.11444082042304142,0.006872341449889789
VP017,2,Frontal,sensitivity__mse__scale5,2T_minus_2NT,,,,
VP017,2,Occipital,entropy__sample_entropy,2T_minus_2NT,-0.008507677322832738,0.011209002313293047,-0.02790456337725688,0.013673900585731659
VP017,2,Occipital,entropy__mse,2T_minus_2NT,-0.019960944130488316,0.013231026073316885,-0.04442654128597916,0.006903756616651785
VP017,2,Occipital,sensitivity__mse__scale1,2T_minus_2NT,-0.008507677322832738,0.011209002313293047,-0.02790456337725688,0.013673900585731659
VP017,2,Occipital,sensitivity__mse__scale2,2T_minus_2NT,-0.02564743711996438,0.017467962381269766,-0.06030679219101272,0.007786947511544942
VP017,2,Occipital,sensitivity__mse__scale3,2T_minus_2NT,-0.041761614467766,0.026040357516778162,-0.09347746040375014,0.009876249147817626
VP017,2,Occipital,sensitivity__mse__scale4,2T_minus_2NT,0.0030358969708524945,0.03226284718393887,-0.06164997898432678,0.06567917003183708
VP017,2,Occipital,sensitivity__mse__scale5,2T_minus_2NT,,,,
VP017,2,Parietal,entropy__sample_entropy,2T_minus_2NT,-0.0016532635989000065,0.011706758354559206,-0.02401678652690592,0.01975973148217218
VP017,2,Parietal,entropy__mse,2T_minus_2NT,-0.0139244597777383,0.01263176946105022,-0.038396282463345824,0.009296616129426205
VP017,2,Parietal,sensitivity__mse__scale1,2T_minus_2NT,-0.0016532635989000065,0.011706758354559206,-0.02401678652690592,0.01975973148217218
VP017,2,Parietal,sensitivity__mse__scale2,2T_minus_2NT,-0.012602805004802552,0.01713200713252728,-0.04387841047932342,0.02156707381787757
VP017,2,Parietal,sensitivity__mse__scale3,2T_minus_2NT,-0.027069430117373162,0.02058525736479294,-0.06687856950560522,0.012130031720120447
VP017,2,Parietal,sensitivity__mse__scale4,2T_minus_2NT,-0.015172297539225799,0.020839482458819076,-0.055336028025849936,0.025808954617338113
VP017,2,Parietal,sensitivity__mse__scale5,2T_minus_2NT,,,,
VP017,2,Temporal,entropy__sample_entropy,2T_minus_2NT,-0.013508050758785086,0.012757529836166565,-0.038599663746144555,0.011450119714057025
VP017,2,Temporal,entropy__mse,2T_minus_2NT,0.0026046215166681055,0.01829002816720151,-0.033094335230545724,0.03710279304337716
VP017,2,Temporal,sensitivity__mse__scale1,2T_minus_2NT,-0.013508050758785086,0.012757529836166565,-0.038599663746144555,0.011450119714057025
VP017,2,Temporal,sensitivity__mse__scale2,2T_minus_2NT,-0.056949142642048686,0.0219450302665295,-0.09893225528163736,-0.013226943396287475
VP017,2,Temporal,sensitivity__mse__scale3,2T_minus_2NT,0.06821339605719232,0.03285549014287339,0.0038154775905640606,0.1345429957512729
VP017,2,Temporal,sensitivity__mse__scale4,2T_minus_2NT,-0.014107253832612698,0.03864480157625969,-0.08702203756440248,0.05666056742979044
VP017,2,Temporal,sensitivity__mse__scale5,2T_minus_2NT,,,,
VP017,2,WholeBrain,entropy__sample_entropy,2T_minus_2NT,-0.014190382230213884,0.01201555984961034,-0.03801502217160793,0.008183931468987776
VP017,2,WholeBrain,entropy__mse,2T_minus_2NT,-0.026870987604379577,0.014451799697936802,-0.05567744172397891,0.0005318200431676868
VP017,2,WholeBrain,sensitivity__mse__scale1,2T_minus_2NT,-0.014190382230213884,0.01201555984961034,-0.03801502217160793,0.008183931468987776
VP017,2,WholeBrain,sensitivity__mse__scale2,2T_minus_2NT,-0.025057425088829143,0.01739572564468714,-0.05959335669619227,0.008014965033373863
VP017,2,WholeBrain,sensitivity__mse__scale3,2T_minus_2NT,-0.03782244957551959,0.01785476921508112,-0.0765698307433468,-0.0058086042722871765
VP017,2,WholeBrain,sensitivity__mse__scale4,2T_minus_2NT,-0.03185504858625828,0.016863072156219978,-0.06428445347767128,0.00128076657547349
VP017,2,WholeBrain,sensitivity__mse__scale5,2T_minus_2NT,,,,
VP017,3,Central,entropy__sample_entropy,3T_minus_3NT,0.011311199953076473,0.013134602184161463,-0.014724330831985865,0.03607047603227829
VP017,3,Central,entropy__mse,3T_minus_3NT,0.025365748159889585,0.017448916109874764,-0.009584991467287678,0.058450728670318516
VP017,3,Central,sensitivity__mse__scale1,3T_minus_3NT,0.011311199953076473,0.013134602184161463,-0.014724330831985865,0.03607047603227829
VP017,3,Central,sensitivity__mse__scale2,3T_minus_3NT,0.040148590306831135,0.02081918374620572,-0.002648370293752683,0.0803863063096714
VP017,3,Central,sensitivity__mse__scale3,3T_minus_3NT,0.04685557153204078,0.028924924372317848,-0.011977865089462419,0.10085043813618821
VP017,3,Central,sensitivity__mse__scale4,3T_minus_3NT,0.012616741066600766,0.03533375553282724,-0.05748072282237648,0.07943926888208401
VP017,3,Central,sensitivity__mse__scale5,3T_minus_3NT,,,,
VP017,3,Frontal,entropy__sample_entropy,3T_minus_3NT,-0.017217142298951146,0.01653131788558587,-0.049917983900278094,0.013793102516581078
VP017,3,Frontal,entropy__mse,3T_minus_3NT,-0.029347649282667573,0.024342226687949,-0.07704804483933728,0.01860742571321611
VP017,3,Frontal,sensitivity__mse__scale1,3T_minus_3NT,-0.017217142298951146,0.01653131788558587,-0.049917983900278094,0.013793102516581078
VP017,3,Frontal,sensitivity__mse__scale2,3T_minus_3NT,-0.03130365274922106,0.026887312377209538,-0.08275167015697452,0.018389989741596533
VP017,3,Frontal,sensitivity__mse__scale3,3T_minus_3NT,-0.041798294592891035,0.028946429552057586,-0.10191460727741106,0.014161044816516607
VP017,3,Frontal,sensitivity__mse__scale4,3T_minus_3NT,-0.028023966428918357,0.02982105137583584,-0.0851162419447031,0.031020608046125966
VP017,3,Frontal,sensitivity__mse__scale5,3T_minus_3NT,,,,
VP017,3,Occipital,entropy__sample_entropy,3T_minus_3NT,0.006790574316112002,0.013513968361973116,-0.018742016304007063,0.03249291702867652
VP017,3,Occipital,entropy__mse,3T_minus_3NT,-0.026021484386759816,0.01596393830968939,-0.05700195383352096,0.003119785645922876
VP017,3,Occipital,sensitivity__mse__scale1,3T_minus_3NT,0.006790574316112002,0.013513968361973116,-0.018742016304007063,0.03249291702867652
VP017,3,Occipital,sensitivity__mse__scale2,3T_minus_3NT,-0.0051008093976196486,0.02170386901778084,-0.046534936300619396,0.03592380465289185
VP017,3,Occipital,sensitivity__mse__scale3,3T_minus_3NT,-0.03786714362570953,0.02678816659232439,-0.09058907329968832,0.013459705879570532
VP017,3,Occipital,sensitivity__mse__scale4,3T_minus_3NT,-0.08539866495194003,0.03492741401334346,-0.1534728409434067,-0.017329578875615707
VP017,3,Occipital,sensitivity__mse__scale5,3T_minus_3NT,,,,
VP017,3,Parietal,entropy__sample_entropy,3T_minus_3NT,0.009154006010979944,0.012740337867615664,-0.01548763635194183,0.03328890882401283
VP017,3,Parietal,entropy__mse,3T_minus_3NT,0.023940660441765713,0.012285503009755686,0.00016523898889760387,0.04782637364060335
VP017,3,Parietal,sensitivity__mse__scale1,3T_minus_3NT,0.009154006010979944,0.012740337867615664,-0.01548763635194183,0.03328890882401283
VP017,3,Parietal,sensitivity__mse__scale2,3T_minus_3NT,0.025094148127434247,0.01711323707778542,-0.006719228796397895,0.05833155905999409
VP017,3,Parietal,sensitivity__mse__scale3,3T_minus_3NT,0.017271877191874913,0.019903026870810653,-0.023425874930093554,0.0567478219850005
VP017,3,Parietal,sensitivity__mse__scale4,3T_minus_3NT,0.0522246051893867,0.01886730653793733,0.014042291111522288,0.08916925492294511
VP017,3,Parietal,sensitivity__mse__scale5,3T_minus_3NT,,,,
VP017,3,Temporal,entropy__sample_entropy,3T_minus_3NT,-0.0025119493599752934,0.014822949304935598,-0.03178566276512294,0.026663594362497982
VP017,3,Temporal,entropy__mse,3T_minus_3NT,0.03313693175200835,0.019772161266726238,-0.0064319812321950885,0.07135873298118275
VP017,3,Temporal,sensitivity__mse__scale1,3T_minus_3NT,-0.0025119493599752934,0.014822949304935598,-0.03178566276512294,0.026663594362497982
VP017,3,Temporal,sensitivity__mse__scale2,3T_minus_3NT,-0.002656168848498245,0.026172621034585824,-0.052698487438665,0.04626831735558492
VP017,3,Temporal,sensitivity__mse__scale3,3T_minus_3NT,0.05069074249000272,0.03449883047301975,-0.017054197393303525,0.1160206140505982
VP017,3,Temporal,sensitivity__mse__scale4,3T_minus_3NT,0.13277739895357563,0.0405208634358821,0.055097522705898225,0.2146137254847331
VP017,3,Temporal,sensitivity__mse__scale5,3T_minus_3NT,,,,
VP017,3,WholeBrain,entropy__sample_entropy,3T_minus_3NT,-0.002061467396501056,0.012039913668702154,-0.02542429387434078,0.021392036528503147
VP017,3,WholeBrain,entropy__mse,3T_minus_3NT,-0.0015375551182160094,0.013626648239101953,-0.027607970304351016,0.024664050009847602
VP017,3,WholeBrain,sensitivity__mse__scale1,3T_minus_3NT,-0.002061467396501056,0.012039913668702154,-0.02542429387434078,0.021392036528503147
VP017,3,WholeBrain,sensitivity__mse__scale2,3T_minus_3NT,-0.000666494359424397,0.017122938189237543,-0.03312002142219765,0.03230778525399801
VP017,3,WholeBrain,sensitivity__mse__scale3,3T_minus_3NT,-0.005530242252659224,0.016004278993053386,-0.03592320948755966,0.023966330222694305
VP017,3,WholeBrain,sensitivity__mse__scale4,3T_minus_3NT,0.0017940237556159733,0.016387459867999752,-0.030790995163309437,0.03181759571189388
VP017,3,WholeBrain,sensitivity__mse__scale5,3T_minus_3NT,,,,
VP018,2,Central,entropy__sample_entropy,2T_minus_2NT,0.022090560576019564,0.009968611311251228,0.0027572241979830327,0.0408387928716616
VP018,2,Central,entropy__mse,2T_minus_2NT,0.03049441336916891,0.015616814139180165,-0.0011582842711161888,0.06106442570289081
VP018,2,Central,sensitivity__mse__scale1,2T_minus_2NT,0.022090560576019564,0.009968611311251228,0.0027572241979830327,0.0408387928716616
VP018,2,Central,sensitivity__mse__scale2,2T_minus_2NT,0.067928099066082,0.01956060086455495,0.028165804746211737,0.10547422262331542
VP018,2,Central,sensitivity__mse__scale3,2T_minus_2NT,0.004131616916515717,0.029408085115468326,-0.0509415248436298,0.062053574691040114
VP018,2,Central,sensitivity__mse__scale4,2T_minus_2NT,-0.007627906027138294,0.0342247277979702,-0.07421766301232399,0.056508210369911605
VP018,2,Central,sensitivity__mse__scale5,2T_minus_2NT,,,,
VP018,2,Frontal,entropy__sample_entropy,2T_minus_2NT,-0.008966473082127571,0.022082596354114817,-0.050331527700681465,0.034163600037982335
VP018,2,Frontal,entropy__mse,2T_minus_2NT,-0.016186934023469303,0.03413756916548984,-0.0806498137734246,0.05039096800469315
VP018,2,Frontal,sensitivity__mse__scale1,2T_minus_2NT,-0.008966473082127571,0.022082596354114817,-0.050331527700681465,0.034163600037982335
VP018,2,Frontal,sensitivity__mse__scale2,2T_minus_2NT,-0.0003253885193108219,0.03689158861152971,-0.06880953839168766,0.07190703928677596
VP018,2,Frontal,sensitivity__mse__scale3,2T_minus_2NT,-0.01655132579532675,0.041515257407530336,-0.09686764309617879,0.06485850003902953
VP018,2,Frontal,sensitivity__mse__scale4,2T_minus_2NT,-0.043265381127138694,0.04141275922357767,-0.12489639969697153,0.03741887502332195
VP018,2,Frontal,sensitivity__mse__scale5,2T_minus_2NT,,,,
VP018,2,Occipital,entropy__sample_entropy,2T_minus_2NT,0.022009876239203124,0.010162463928531302,0.0022242650125930633,0.04208851391080797
VP018,2,Occipital,entropy__mse,2T_minus_2NT,0.018144792143236558,0.017042146320392474,-0.0168565921826488,0.05058806328330093
VP018,2,Occipital,sensitivity__mse__scale1,2T_minus_2NT,0.022009876239203124,0.010162463928531302,0.0022242650125930633,0.04208851391080797
VP018,2,Occipital,sensitivity__mse__scale2,2T_minus_2NT,0.02671814984748488,0.020500922529345676,-0.013570894129643412,0.06768642201634514
VP018,2,Occipital,sensitivity__mse__scale3,2T_minus_2NT,0.03640693042481455,0.033735336466018506,-0.029709786641396,0.09952292323270422
VP018,2,Occipital,sensitivity__mse__scale4,2T_minus_2NT,0.011546176333586353,0.03094796119058966,-0.05016741519256635,0.07530581898769935
VP018,2,Occipital,sensitivity__mse__scale5,2T_minus_2NT,,,,
VP018,2,Parietal,entropy__sample_entropy,2T_minus_2NT,0.014760058583562755,0.009778754170332525,-0.003915502474391241,0.03443103870815901
VP018,2,Parietal,entropy__mse,2T_minus_2NT,0.024184063217117847,0.012810943066419613,-0.00013078012592747032,0.048731389238183195
VP018,2,Parietal,sensitivity__mse__scale1,2T_minus_2NT,0.014760058583562755,0.009778754170332525,-0.003915502474391241,0.03443103870815901
VP018,2,Parietal,sensitivity__mse__scale2,2T_minus_2NT,0.026549881084134565,0.01696420055116825,-0.007243484178278159,0.0597674163884573
VP018,2,Parietal,sensitivity__mse__scale3,2T_minus_2NT,0.044286856138404274,0.02140480011626619,0.0018612872947309568,0.08553843448900177
VP018,2,Parietal,sensitivity__mse__scale4,2T_minus_2NT,-0.0049043763627134,0.02004024294078748,-0.043572318027233756,0.0345472191369542
VP018,2,Parietal,sensitivity__mse__scale5,2T_minus_2NT,,,,
VP018,2,Temporal,entropy__sample_entropy,2T_minus_2NT,0.0009977099930817198,0.015481397085345254,-0.029872063585338275,0.028986125444500927
VP018,2,Temporal,entropy__mse,2T_minus_2NT,0.03311734131805507,0.020389614603593988,-0.0060142541305048475,0.07302528537704013
VP018,2,Temporal,sensitivity__mse__scale1,2T_minus_2NT,0.0009977099930817198,0.015481397085345254,-0.029872063585338275,0.028986125444500927
VP018,2,Temporal,sensitivity__mse__scale2,2T_minus_2NT,0.026192098446941585,0.02618096669525596,-0.023183964422206802,0.07688774532530089
VP018,2,Temporal,sensitivity__mse__scale3,2T_minus_2NT,0.012122010592958804,0.03832225708919778,-0.06560777771581261,0.08753570990342623
VP018,2,Temporal,sensitivity__mse__scale4,2T_minus_2NT,0.13792110587056888,0.0376483680113916,0.06491766871499022,0.2100238719058923
VP018,2,Temporal,sensitivity__mse__scale5,2T_minus_2NT,,,,
VP018,2,WholeBrain,entropy__sample_entropy,2T_minus_2NT,0.006018073349303225,0.011403754572603089,-0.014719400665115642,0.02893304704989369
VP018,2,WholeBrain,entropy__mse,2T_minus_2NT,0.00899116406675796,0.016215986493084266,-0.02251022306559538,0.04176739007923753
VP018,2,WholeBrain,sensitivity__mse__scale1,2T_minus_2NT,0.006018073349303225,0.011403754572603089,-0.014719400665115642,0.02893304704989369
VP018,2,WholeBrain,sensitivity__mse__scale2,2T_minus_2NT,0.0204175928456918,0.01878739637878468,-0.015053203178343893,0.057530628121121925
VP018,2,WholeBrain,sensitivity__mse__scale3,2T_minus_2NT,0.013012355005435306,0.02103872148612123,-0.028434884836281288,0.055366896045524285
VP018,2,WholeBrain,sensitivity__mse__scale4,2T_minus_2NT,-0.0108937815380744,0.020020005856134424,-0.0488622055233472,0.02808962641333132
VP018,2,WholeBrain,sensitivity__mse__scale5,2T_minus_2NT,,,,
VP018,3,Central,entropy__sample_entropy,3T_minus_3NT,0.0005318237365685832,0.012724787810235623,-0.023529721802216814,0.02567881621844983
VP018,3,Central,entropy__mse,3T_minus_3NT,0.01122752921436774,0.016398789384267653,-0.01971605072476059,0.043073921791525534
VP018,3,Central,sensitivity__mse__scale1,3T_minus_3NT,0.0005318237365685832,0.012724787810235623,-0.023529721802216814,0.02567881621844983
VP018,3,Central,sensitivity__mse__scale2,3T_minus_3NT,0.023168953529082693,0.02065591262048894,-0.015479420274247445,0.062444056576628236
VP018,3,Central,sensitivity__mse__scale3,3T_minus_3NT,0.03879505401396399,0.028692786267192273,-0.016682018221827653,0.09584244844261783
VP018,3,Central,sensitivity__mse__scale4,3T_minus_3NT,0.014779697904573784,0.03228362560153388,-0.04612930954972162,0.08016346307973142
VP018,3,Central,sensitivity__mse__scale5,3T_minus_3NT,,,,
VP018,3,Frontal,entropy__sample_entropy,3T_minus_3NT,-0.006407835298374623,0.024388907045317203,-0.05299224120974378,0.041103568502516404
VP018,3,Frontal,entropy__mse,3T_minus_3NT,-0.029617607492137654,0.037613045919977536,-0.09765277545661483,0.04332534383343104
VP018,3,Frontal,sensitivity__mse__scale1,3T_minus_3NT,-0.006407835298374623,0.024388907045317203,-0.05299224120974378,0.041103568502516404
VP018,3,Frontal,sensitivity__mse__scale2,3T_minus_3NT,-0.02159818120987482,0.041672539245585276,-0.10148566547195259,0.059950495530158736
VP018,3,Frontal,sensitivity__mse__scale3,3T_minus_3NT,-0.06681505738038654,0.047401523914847275,-0.15417971092151095,0.026275873718944714
VP018,3,Frontal,sensitivity__mse__scale4,3T_minus_3NT,-0.025271879348606283,0.043081437578969574,-0.10106390083313667,0.06097785560378832
VP018,3,Frontal,sensitivity__mse__scale5,3T_minus_3NT,,,,
VP018,3,Occipital,entropy__sample_entropy,3T_minus_3NT,0.006603166208035833,0.009360276621461903,-0.010082440400148676,0.025377567292927266
VP018,3,Occipital,entropy__mse,3T_minus_3NT,-0.027487040440418865,0.015710220952572757,-0.056440627045689334,0.004480397683968065
VP018,3,Occipital,sensitivity__mse__scale1,3T_minus_3NT,0.006603166208035833,0.009360276621461903,-0.010082440400148676,0.025377567292927266
VP018,3,Occipital,sensitivity__mse__scale2,3T_minus_3NT,0.00211222678130911,0.01871643646683421,-0.034938073908958575,0.041386068168072256
VP018,3,Occipital,sensitivity__mse__scale3,3T_minus_3NT,-0.06178955285861883,0.030330469938940008,-0.12334087870826968,-0.0001391629554019512
VP018,3,Occipital,sensitivity__mse__scale4,3T_minus_3NT,-0.043731745736398396,0.03198708378475069,-0.1075170414367014,0.01918873150204048
VP018,3,Occipital,sensitivity__mse__scale5,3T_minus_3NT,,,,
VP018,3,Parietal,entropy__sample_entropy,3T_minus_3NT,-0.0029737941787072292,0.011373688938658925,-0.02576227033173781,0.0181504604450259
VP018,3,Parietal,entropy__mse,3T_minus_3NT,0.005190885624068434,0.014987286812304643,-0.02447991975887399,0.034198489531600144
VP018,3,Parietal,sensitivity__mse__scale1,3T_minus_3NT,-0.0029737941787072292,0.011373688938658925,-0.02576227033173781,0.0181504604450259
VP018,3,Parietal,sensitivity__mse__scale2,3T_minus_3NT,0.01036444844147954,0.01761747183096134,-0.023276205026039602,0.044384701558901916
VP018,3,Parietal,sensitivity__mse__scale3,3T_minus_3NT,0.025936985263315768,0.02330884893487976,-0.021409076796129807,0.07001156535971077
VP018,3,Parietal,sensitivity__mse__scale4,3T_minus_3NT,0.0019189330883219746,0.022579307519260933,-0.04333197925240478,0.0469371010372413
VP018,3,Parietal,sensitivity__mse__scale5,3T_minus_3NT,,,,
VP018,3,Temporal,entropy__sample_entropy,3T_minus_3NT,0.01756489709446924,0.01752179788222041,-0.01695129940759254,0.051531174097983634
VP018,3,Temporal,entropy__mse,3T_minus_3NT,0.04210700253803053,0.020189521655576383,0.0024126289890843036,0.08193052398258541
VP018,3,Temporal,sensitivity__mse__scale1,3T_minus_3NT,0.01756489709446924,0.01752179788222041,-0.01695129940759254,0.051531174097983634
VP018,3,Temporal,sensitivity__mse__scale2,3T_minus_3NT,0.08012408008654502,0.023565867467405195,0.032796441348303076,0.12349196564261138
VP018,3,Temporal,sensitivity__mse__scale3,3T_minus_3NT,0.02355690878690148,0.03898984102387917,-0.0535875357227889,0.09816829394063331
VP018,3,Temporal,sensitivity__mse__scale4,3T_minus_3NT,0.08735564750322262,0.04035640577259564,0.007925518232032913,0.1686202254383884
VP018,3,Temporal,sensitivity__mse__scale5,3T_minus_3NT,,,,
VP018,3,WholeBrain,entropy__sample_entropy,3T_minus_3NT,-0.001454127566704763,0.01349542527380596,-0.02709966526721889,0.025216077959571426
VP018,3,WholeBrain,entropy__mse,3T_minus_3NT,-0.008701437157106705,0.01822999353390137,-0.042735584336681294,0.027629726347995872
VP018,3,WholeBrain,sensitivity__mse__scale1,3T_minus_3NT,-0.001454127566704763,0.01349542527380596,-0.02709966526721889,0.025216077959571426
VP018,3,WholeBrain,sensitivity__mse__scale2,3T_minus_3NT,0.0032782765631769665,0.02141704215156017,-0.03854337845048489,0.04693492304528592
VP018,3,WholeBrain,sensitivity__mse__scale3,3T_minus_3NT,-0.02076758433655144,0.023110015959270747,-0.062863351015023,0.022901866135032055
VP018,3,WholeBrain,sensitivity__mse__scale4,3T_minus_3NT,-0.010118196636938416,0.021701338097492587,-0.049890653357620114,0.03408088538448598
VP018,3,WholeBrain,sensitivity__mse__scale5,3T_minus_3NT,,,,
VP019,2,Central,entropy__sample_entropy,2T_minus_2NT,0.014140447119489155,0.011237443379951003,-0.008287214668392768,0.03525893615736469
VP019,2,Central,entropy__mse,2T_minus_2NT,0.0183901249893871,0.019717059978950645,-0.018528936541903872,0.05707675343279397
VP019,2,Central,sensitivity__mse__scale1,2T_minus_2NT,0.014140447119489155,0.011237443379951003,-0.008287214668392768,0.03525893615736469
VP019,2,Central,sensitivity__mse__scale2,2T_minus_2NT,0.01814276950010759,0.02021950198550696,-0.021325292264383976,0.057134291341539606
VP019,2,Central,sensitivity__mse__scale3,2T_minus_2NT,-0.012397399989990883,0.028854053523231574,-0.06531307600528694,0.04766800085897612
VP019,2,Central,sensitivity__mse__scale4,2T_minus_2NT,0.05180375616681673,0.030453346819949892,-0.006869620813987292,0.10935823357156484
VP019,2,Central,sensitivity__mse__scale5,2T_minus_2NT,,,,
VP019,2,Frontal,entropy__sample_entropy,2T_minus_2NT,0.033846600403916426,0.013331713242651082,0.00616976378642,0.05837396954254007
VP019,2,Frontal,entropy__mse,2T_minus_2NT,0.06045242428326546,0.020663190594534392,0.017381443142799043,0.09815029430512466
VP019,2,Frontal,sensitivity__mse__scale1,2T_minus_2NT,0.033846600403916426,0.013331713242651082,0.00616976378642,0.05837396954254007
VP019,2,Frontal,sensitivity__mse__scale2,2T_minus_2NT,0.05740938980231917,0.021842014440716914,0.012055530718220367,0.09681295672285886
VP019,2,Frontal,sensitivity__mse__scale3,2T_minus_2NT,0.07620677301468747,0.024019201645742404,0.02455233285655971,0.12004793037069374
VP019,2,Frontal,sensitivity__mse__scale4,2T_minus_2NT,0.07485649587137508,0.025809336748640135,0.022593303878215683,0.12516892655848835
VP019,2,Frontal,sensitivity__mse__scale5,2T_minus_2NT,,,,
VP019,2,Occipital,entropy__sample_entropy,2T_minus_2NT,0.027759253054510217,0.012757759008210124,0.0027311848956253107,0.052693650010787206
VP019,2,Occipital,entropy__mse,2T_minus_2NT,0.031171463220990996,0.01637312182779657,-0.0009315890262233057,0.0634982454683765
VP019,2,Occipital,sensitivity__mse__scale1,2T_minus_2NT,0.027759253054510217,0.012757759008210124,0.0027311848956253107,0.052693650010787206
VP019,2,Occipital,sensitivity__mse__scale2,2T_minus_2NT,0.04691930958767802,0.019733943956006687,0.009356978940449718,0.08526515609232543
VP019,2,Occipital,sensitivity__mse__scale3,2T_minus_2NT,0.07144761642367987,0.02917465098551481,0.016175826256880778,0.12603466087075282
VP019,2,Occipital,sensitivity__mse__scale4,2T_minus_2NT,-0.03418354768779041,0.03182020610209513,-0.09803726056523517,0.02773831020531688
VP019,2,Occipital,sensitivity__mse__scale5,2T_minus_2NT,,,,
VP019,2,Parietal,entropy__sample_entropy,2T_minus_2NT,0.014397985267492542,0.012131380334079832,-0.008487939586242544,0.03871734308978772
VP019,2,Parietal,entropy__mse,2T_minus_2NT,0.007312727158012949,0.01479270909824119,-0.022074975282753633,0.03643190811904597
VP019,2,Parietal,sensitivity__mse__scale1,2T_minus_2NT,0.014397985267492542,0.012131380334079832,-0.008487939586242544,0.03871734308978772
VP019,2,Parietal,sensitivity__mse__scale2,2T_minus_2NT,4.714376420368027e-05,0.018616828263623594,-0.037385452204620535,0.03868920255401831
VP019,2,Parietal,sensitivity__mse__scale3,2T_minus_2NT,0.011358067485126222,0.02005078205314148,-0.02713937348260949,0.0515724610331701
VP019,2,Parietal,sensitivity__mse__scale4,2T_minus_2NT,-0.001639075800928935,0.022147841320718082,-0.04593417963698541,0.04079458946647313
VP019,2,Parietal,sensitivity__mse__scale5,2T_minus_2NT,,,,
VP019,2,Temporal,entropy__sample_entropy,2T_minus_2NT,0.02485157556555215,0.017772346541577097,-0.009883976447824622,0.05993731527997136
VP019,2,Temporal,entropy__mse,2T_minus_2NT,0.037029350198789834,0.022056104524011404,-0.007085324451302693,0.07798031838486924
VP019,2,Temporal,sensitivity__mse__scale1,2T_minus_2NT,0.02485157556555215,0.017772346541577097,-0.009883976447824622,0.05993731527997136
VP019,2,Temporal,sensitivity__mse__scale2,2T_minus_2NT,0.008484570235162428,0.02668959611379652,-0.04309423498800282,0.06194788776323881
VP019,2,Temporal,sensitivity__mse__scale3,2T_minus_2NT,0.05845338027616818,0.032627956967488846,-0.006751832510178207,0.12157585425320232
VP019,2,Temporal,sensitivity__mse__scale4,2T_minus_2NT,0.06516303551125878,0.03581779217345181,-0.005991559202493579,0.13452021507742762
VP019,2,Temporal,sensitivity__mse__scale5,2T_minus_2NT,,,,
VP019,2,WholeBrain,entropy__sample_entropy,2T_minus_2NT,0.02418916869655768,0.010125809618295007,0.0038640029305428676,0.04340717290584435
VP019,2,WholeBrain,entropy__mse,2T_minus_2NT,0.03405480987738362,0.013470148796500065,0.007840019368305256,0.05876129383801762
VP019,2,WholeBrain,sensitivity__mse__scale1,2T_minus_2NT,0.02418916869655768,0.010125809618295007,0.0038640029305428676,0.04340717290584435
VP019,2,WholeBrain,sensitivity__mse__scale2,2T_minus_2NT,0.030145819979894056,0.01550257300107688,-0.0010470616367270035,0.06015030757642416
VP019,2,WholeBrain,sensitivity__mse__scale3,2T_minus_2NT,0.04424205992713972,0.016595107174451208,0.012474059958917516,0.0763901698903854
VP019,2,WholeBrain,sensitivity__mse__scale4,2T_minus_2NT,0.03673814801865035,0.016188388451593004,0.004285591584727732,0.06871059410652063
VP019,2,WholeBrain,sensitivity__mse__scale5,2T_minus_2NT,,,,
VP019,3,Central,entropy__sample_entropy,3T_minus_3NT,0.02677669281069898,0.011032764160430055,0.005536142953686554,0.04953298198935982
VP019,3,Central,entropy__mse,3T_minus_3NT,0.06475620719030528,0.019154837439716223,0.02673572225550533,0.10201098504730884
VP019,3,Central,sensitivity__mse__scale1,3T_minus_3NT,0.02677669281069898,0.011032764160430055,0.005536142953686554,0.04953298198935982
VP019,3,Central,sensitivity__mse__scale2,3T_minus_3NT,0.07011919844579544,0.020331604970852644,0.030279492888663818,0.11225543265280001
VP019,3,Central,sensitivity__mse__scale3,3T_minus_3NT,0.07654061132735575,0.025895595684205065,0.024821141691267777,0.12780148984954187
VP019,3,Central,sensitivity__mse__scale4,3T_minus_3NT,0.08887432530385295,0.03392132368821507,0.025008632174255047,0.15873477641780478
VP019,3,Central,sensitivity__mse__scale5,3T_minus_3NT,,,,
VP019,3,Frontal,entropy__sample_entropy,3T_minus_3NT,0.04981511507279802,0.007975905837592093,0.03381164938042344,0.06440352242528552
VP019,3,Frontal,entropy__mse,3T_minus_3NT,0.06591170320848198,0.012672111430404488,0.04157349090330377,0.08988263675010608
VP019,3,Frontal,sensitivity__mse__scale1,3T_minus_3NT,0.04981511507279802,0.007975905837592093,0.03381164938042344,0.06440352242528552
VP019,3,Frontal,sensitivity__mse__scale2,3T_minus_3NT,0.07892028804531137,0.013600112900903745,0.05227189614555533,0.1058841905861088
VP019,3,Frontal,sensitivity__mse__scale3,3T_minus_3NT,0.06698370696430643,0.015099230038330027,0.03818409469315384,0.09718496750731048
VP019,3,Frontal,sensitivity__mse__scale4,3T_minus_3NT,0.06714936686175144,0.017299557734854264,0.033411208507544046,0.09920338592836535
VP019,3,Frontal,sensitivity__mse__scale5,3T_minus_3NT,,,,
VP019,3,Occipital,entropy__sample_entropy,3T_minus_3NT,0.005415091074504165,0.014653291840656184,-0.023299479125226487,0.03572129827018494
VP019,3,Occipital,entropy__mse,3T_minus_3NT,0.025029365351012245,0.019681953561963183,-0.01345480398755724,0.06311194942000868
VP019,3,Occipital,sensitivity__mse__scale1,3T_minus_3NT,0.005415091074504165,0.014653291840656184,-0.023299479125226487,0.03572129827018494
VP019,3,Occipital,sensitivity__mse__scale2,3T_minus_3NT,-0.0005944335764394664,0.022943516517671455,-0.04205132491661328,0.045467785331115236
VP019,3,Occipital,sensitivity__mse__scale3,3T_minus_3NT,0.06525837503088,0.031248016622875588,0.002183690932846644,0.12434327149840593
VP019,3,Occipital,sensitivity__mse__scale4,3T_minus_3NT,0.0526684568591528,0.03598102935792736,-0.01936411577048043,0.12230723961384753
VP019,3,Occipital,sensitivity__mse__scale5,3T_minus_3NT,,,,
VP019,3,Parietal,entropy__sample_entropy,3T_minus_3NT,0.007863134838853845,0.013552083519150188,-0.017334102356250075,0.034301738201616555
VP019,3,Parietal,entropy__mse,3T_minus_3NT,0.013537455042401936,0.01617445484478609,-0.01861407401826805,0.045377810793159085
VP019,3,Parietal,sensitivity__mse__scale1,3T_minus_3NT,0.007863134838853845,0.013552083519150188,-0.017334102356250075,0.034301738201616555
VP019,3,Parietal,sensitivity__mse__scale2,3T_minus_3NT,0.02829514463553306,0.01764326291516774,-0.004670975577777603,0.06508334311347623
VP019,3,Parietal,sensitivity__mse__scale3,3T_minus_3NT,0.0315805007081167,0.022396139545767815,-0.015077176269972598,0.07448216993216739
VP019,3,Parietal,sensitivity__mse__scale4,3T_minus_3NT,-0.014866453578732432,0.023436424104081373,-0.06194078944188085,0.03238508028915373
VP019,3,Parietal,sensitivity__mse__scale5,3T_minus_3NT,,,,
VP019,3,Temporal,entropy__sample_entropy,3T_minus_3NT,0.018604848790323272,0.015029189927433238,-0.009046019497723028,0.04879619353969481
VP019,3,Temporal,entropy__mse,3T_minus_3NT,0.044054345351744344,0.019102077215439318,0.010472411199571603,0.08139114173905125
VP019,3,Temporal,sensitivity__mse__scale1,3T_minus_3NT,0.018604848790323272,0.015029189927433238,-0.009046019497723028,0.04879619353969481
VP019,3,Temporal,sensitivity__mse__scale2,3T_minus_3NT,0.039255026462881884,0.023401852286320444,-0.006366567615392893,0.08489769180085674
VP019,3,Temporal,sensitivity__mse__scale3,3T_minus_3NT,0.08247257277747949,0.0321458544371759,0.02278374108226652,0.14412963229087092
VP019,3,Temporal,sensitivity__mse__scale4,3T_minus_3NT,0.05036275796280546,0.03374359726154445,-0.014616115571810123,0.11537196986104518
VP019,3,Temporal,sensitivity__mse__scale5,3T_minus_3NT,,,,
VP019,3,WholeBrain,entropy__sample_entropy,3T_minus_3NT,0.026875697449525816,0.00927441424153432,0.008794404728862554,0.04614761322624346
VP019,3,WholeBrain,entropy__mse,3T_minus_3NT,0.04301182996437008,0.012084838891023016,0.02066944387825564,0.0675926099366121
VP019,3,WholeBrain,sensitivity__mse__scale1,3T_minus_3NT,0.026875697449525816,0.00927441424153432,0.008794404728862554,0.04614761322624346
VP019,3,WholeBrain,sensitivity__mse__scale2,3T_minus_3NT,0.05035227920543028,0.012941167399444817,0.025867285651317,0.07765420504417933
VP019,3,WholeBrain,sensitivity__mse__scale3,3T_minus_3NT,0.05785953811260191,0.014507268776669333,0.030693396238809983,0.08602456663146774
VP019,3,WholeBrain,sensitivity__mse__scale4,3T_minus_3NT,0.039266794904229727,0.016512808171256426,0.008658761364009549,0.07109865999469842
VP019,3,WholeBrain,sensitivity__mse__scale5,3T_minus_3NT,,,,
VP020,2,Central,entropy__sample_entropy,2T_minus_2NT,-0.01724801925659451,0.01154539391347647,-0.03983035946896036,0.0066564977684233
VP020,2,Central,entropy__mse,2T_minus_2NT,-0.022904072778755002,0.01813537264501223,-0.058296588705954264,0.012123383306793632
VP020,2,Central,sensitivity__mse__scale1,2T_minus_2NT,-0.01724801925659451,0.01154539391347647,-0.03983035946896036,0.0066564977684233
VP020,2,Central,sensitivity__mse__scale2,2T_minus_2NT,-0.014623285114093675,0.01901126274970193,-0.05351000867450057,0.022555114644393907
VP020,2,Central,sensitivity__mse__scale3,2T_minus_2NT,-0.0009773253302250205,0.02871498266755162,-0.059086247800695976,0.054131375176771676
VP020,2,Central,sensitivity__mse__scale4,2T_minus_2NT,-0.0564581133669635,0.03274753805704418,-0.12189933748247729,0.00656501770762151
VP020,2,Central,sensitivity__mse__scale5,2T_minus_2NT,,,,
VP020,2,Frontal,entropy__sample_entropy,2T_minus_2NT,-0.015570331556503628,0.008203563799676532,-0.03139086917782029,0.0007193991934139156
VP020,2,Frontal,entropy__mse,2T_minus_2NT,-0.025953809303640354,0.01500834221617324,-0.05559307217301643,0.003795746068016151
VP020,2,Frontal,sensitivity__mse__scale1,2T_minus_2NT,-0.015570331556503628,0.008203563799676532,-0.03139086917782029,0.0007193991934139156
VP020,2,Frontal,sensitivity__mse__scale2,2T_minus_2NT,-0.026839720335701037,0.015160069905060067,-0.056767217136537276,0.0030728082227373388
VP020,2,Frontal,sensitivity__mse__scale3,2T_minus_2NT,-0.02765272189866935,0.018979041970066272,-0.06598408473968131,0.008376696226633867
VP020,2,Frontal,sensitivity__mse__scale4,2T_minus_2NT,-0.02837439717489154,0.02256962892583913,-0.0729384732331176,0.014881896756368033
VP020,2,Frontal,sensitivity__mse__scale5,2T_minus_2NT,,,,
VP020,2,Occipital,entropy__sample_entropy,2T_minus_2NT,-0.008903478616917319,0.010945665960808896,-0.02956014796828161,0.013165257561607576
VP020,2,Occipital,entropy__mse,2T_minus_2NT,-0.005819170131052861,0.017129761088935908,-0.0391314767046121,0.029058501733726868
VP020,2,Occipital,sensitivity__mse__scale1,2T_minus_2NT,-0.008903478616917319,0.010945665960808896,-0.02956014796828161,0.013165257561607576
VP020,2,Occipital,sensitivity__mse__scale2,2T_minus_2NT,-0.022666013585106996,0.01944409755211053,-0.05950676616839761,0.01738093607796999
VP020,2,Occipital,sensitivity__mse__scale3,2T_minus_2NT,-0.02845396464770052,0.033797300026773495,-0.09343931004350345,0.03759097110509039
VP020,2,Occipital,sensitivity__mse__scale4,2T_minus_2NT,0.025092494680061903,0.03348669128481044,-0.04047303785559925,0.08967965182753698
VP020,2,Occipital,sensitivity__mse__scale5,2T_minus_2NT,,,,
VP020,2,Parietal,entropy__sample_entropy,2T_minus_2NT,-0.018031621270457827,0.010248511593913198,-0.03678126106965274,0.001803636865977851
VP020,2,Parietal,entropy__mse,2T_minus_2NT,-0.027642280059369233,0.01336211216920329,-0.053950169359426495,-0.00167280472003178
VP020,2,Parietal,sensitivity__mse__scale1,2T_minus_2NT,-0.018031621270457827,0.010248511593913198,-0.03678126106965274,0.001803636865977851
VP020,2,Parietal,sensitivity__mse__scale2,2T_minus_2NT,-0.00814328576032864,0.015435138393694647,-0.036809590299888,0.02295808912356849
VP020,2,Parietal,sensitivity__mse__scale3,2T_minus_2NT,-0.02690590303985553,0.0226780014368081,-0.0697759745427041,0.018741377037986374
VP020,2,Parietal,sensitivity__mse__scale4,2T_minus_2NT,-0.050828387696501186,0.021288939560613656,-0.0916840283544475,-0.009863982195996778
VP020,2,Parietal,sensitivity__mse__scale5,2T_minus_2NT,,,,
VP020,2,Temporal,entropy__sample_entropy,2T_minus_2NT,-0.017884119403905493,0.014089009678898852,-0.04551720073992969,0.009526239481349195
VP020,2,Temporal,entropy__mse,2T_minus_2NT,-0.003255577205395733,0.017567976078212345,-0.03845611293635658,0.03133324243970126
VP020,2,Temporal,sensitivity__mse__scale1,2T_minus_2NT,-0.017884119403905493,0.014089009678898852,-0.04551720073992969,0.009526239481349195
VP020,2,Temporal,sensitivity__mse__scale2,2T_minus_2NT,0.011883574609461928,0.023949440920423226,-0.03571242570013887,0.05840143768958146
VP020,2,Temporal,sensitivity__mse__scale3,2T_minus_2NT,0.006235618230434246,0.031194068433873224,-0.053697678959040415,0.06661001860796195
VP020,2,Temporal,sensitivity__mse__scale4,2T_minus_2NT,-0.02462529694354548,0.039900371260076437,-0.1026321427251701,0.052694802180049294
VP020,2,Temporal,sensitivity__mse__scale5,2T_minus_2NT,,,,
VP020,2,WholeBrain,entropy__sample_entropy,2T_minus_2NT,-0.015992177535143284,0.00832338916151488,-0.03155629194201992,0.0006955098086461882
VP020,2,WholeBrain,entropy__mse,2T_minus_2NT,-0.022391189500520704,0.01154967161830132,-0.04380403598361055,0.00020561798388961508
VP020,2,WholeBrain,sensitivity__mse__scale1,2T_minus_2NT,-0.015992177535143284,0.00832338916151488,-0.03155629194201992,0.0006955098086461882
VP020,2,WholeBrain,sensitivity__mse__scale2,2T_minus_2NT,-0.016207988800629056,0.01295569378906095,-0.040881701933567244,0.010778947110722494
VP020,2,WholeBrain,sensitivity__mse__scale3,2T_minus_2NT,-0.021077047690577503,0.015515107202475141,-0.05299948099938276,0.008146940482736441
VP020,2,WholeBrain,sensitivity__mse__scale4,2T_minus_2NT,-0.035010679503788805,0.015351581504824921,-0.06576784936595156,-0.006626493572382056
VP020,2,WholeBrain,sensitivity__mse__scale5,2T_minus_2NT,,,,
VP020,3,Central,entropy__sample_entropy,3T_minus_3NT,-0.0035138440266216245,0.01092364606341106,-0.025868601510635764,0.01778212700491937
VP020,3,Central,entropy__mse,3T_minus_3NT,0.006807763653589806,0.017172836761757293,-0.027642970150850606,0.04264713349334174
VP020,3,Central,sensitivity__mse__scale1,3T_minus_3NT,-0.0035138440266216245,0.01092364606341106,-0.025868601510635764,0.01778212700491937
VP020,3,Central,sensitivity__mse__scale2,3T_minus_3NT,0.019335722393054037,0.018822221928335995,-0.01785665135140211,0.056307086871703924
VP020,3,Central,sensitivity__mse__scale3,3T_minus_3NT,0.05174349086211643,0.0271550303852981,-0.0018354147481058234,0.10427016057586003
VP020,3,Central,sensitivity__mse__scale4,3T_minus_3NT,-0.05399089528401061,0.03424832505436658,-0.12428687052092148,0.01258500910744926
VP020,3,Central,sensitivity__mse__scale5,3T_minus_3NT,,,,
VP020,3,Frontal,entropy__sample_entropy,3T_minus_3NT,0.011249144468756373,0.007692863514303766,-0.003935987608656618,0.02653542362538966
VP020,3,Frontal,entropy__mse,3T_minus_3NT,0.022049740311799782,0.014352121571603906,-0.007928887949842277,0.04999970796886333
VP020,3,Frontal,sensitivity__mse__scale1,3T_minus_3NT,0.011249144468756373,0.007692863514303766,-0.003935987608656618,0.02653542362538966
VP020,3,Frontal,sensitivity__mse__scale2,3T_minus_3NT,0.021216399447366377,0.01485441384393239,-0.008802871918974619,0.04991155429933125
VP020,3,Frontal,sensitivity__mse__scale3,3T_minus_3NT,0.0320207289127029,0.019224982227975394,-0.007161057608587161,0.06959155163597355
VP020,3,Frontal,sensitivity__mse__scale4,3T_minus_3NT,0.02589223036068089,0.021223179884556277,-0.01690362240576741,0.0666422315794071
VP020,3,Frontal,sensitivity__mse__scale5,3T_minus_3NT,,,,
VP020,3,Occipital,entropy__sample_entropy,3T_minus_3NT,-0.018882413382088643,0.009947330577512119,-0.03781188212576504,0.0013024229734819816
VP020,3,Occipital,entropy__mse,3T_minus_3NT,-0.020902288328917735,0.014953321101278462,-0.05192768667603445,0.006703007567236191
VP020,3,Occipital,sensitivity__mse__scale1,3T_minus_3NT,-0.018882413382088643,0.009947330577512119,-0.03781188212576504,0.0013024229734819816
VP020,3,Occipital,sensitivity__mse__scale2,3T_minus_3NT,-0.04209046457074927,0.016797687532312176,-0.07418016995454291,-0.010093922190702214
VP020,3,Occipital,sensitivity__mse__scale3,3T_minus_3NT,-0.02088754416394535,0.029855716471653502,-0.07846620514046077,0.039321913940543345
VP020,3,Occipital,sensitivity__mse__scale4,3T_minus_3NT,0.017874811924562257,0.03647529919147573,-0.053031804858352474,0.08563897708478306
VP020,3,Occipital,sensitivity__mse__scale5,3T_minus_3NT,,,,
VP020,3,Parietal,entropy__sample_entropy,3T_minus_3NT,-0.014614334894254158,0.008706741904292633,-0.03194696047643429,0.0026500396557589114
VP020,3,Parietal,entropy__mse,3T_minus_3NT,-0.02647315246519661,0.01127224662866384,-0.04847740547735499,-0.005861930937071758
VP020,3,Parietal,sensitivity__mse__scale1,3T_minus_3NT,-0.014614334894254158,0.008706741904292633,-0.03194696047643429,0.0026500396557589114
VP020,3,Parietal,sensitivity__mse__scale2,3T_minus_3NT,-0.033274458251969216,0.01581169759607316,-0.06371248809556451,-0.002154821112063556
VP020,3,Parietal,sensitivity__mse__scale3,3T_minus_3NT,-0.0004564931684027762,0.020588326503401977,-0.04055320355066278,0.0382586642603136
VP020,3,Parietal,sensitivity__mse__scale4,3T_minus_3NT,-0.06219519403968225,0.017904845535872568,-0.09387503889594796,-0.02693450627404982
VP020,3,Parietal,sensitivity__mse__scale5,3T_minus_3NT,,,,
VP020,3,Temporal,entropy__sample_entropy,3T_minus_3NT,-0.033455539740292084,0.01464444004952324,-0.06181921273479987,-0.005064560887488173
VP020,3,Temporal,entropy__mse,3T_minus_3NT,-0.0380012795501356,0.018854350232496483,-0.07310893891946155,-0.0005852850417961992
VP020,3,Temporal,sensitivity__mse__scale1,3T_minus_3NT,-0.033455539740292084,0.01464444004952324,-0.06181921273479987,-0.005064560887488173
VP020,3,Temporal,sensitivity__mse__scale2,3T_minus_3NT,-0.0024328944150187135,0.022322763149661327,-0.04751373114945711,0.042389373859275256
VP020,3,Temporal,sensitivity__mse__scale3,3T_minus_3NT,-0.035469905956197985,0.03087134932411252,-0.0969134937405848,0.024205046470599748
VP020,3,Temporal,sensitivity__mse__scale4,3T_minus_3NT,-0.07866277052548236,0.0412456242644387,-0.1583069400732677,0.006596218591672524
VP020,3,Temporal,sensitivity__mse__scale5,3T_minus_3NT,,,,
VP020,3,WholeBrain,entropy__sample_entropy,3T_minus_3NT,-0.005067438449952872,0.0072295840957268915,-0.019653797374625765,0.009181498343462345
VP020,3,WholeBrain,entropy__mse,3T_minus_3NT,-0.004071334352972286,0.010033796081677841,-0.024638180732866447,0.016522210561497542
VP020,3,WholeBrain,sensitivity__mse__scale1,3T_minus_3NT,-0.005067438449952872,0.0072295840957268915,-0.019653797374625765,0.009181498343462345
VP020,3,WholeBrain,sensitivity__mse__scale2,3T_minus_3NT,-0.004972133775350713,0.012041601996735114,-0.0291853609879111,0.019348003088019917
VP020,3,WholeBrain,sensitivity__mse__scale3,3T_minus_3NT,0.012257619204210821,0.014328436584866856,-0.01736789078443497,0.03929122531891821
VP020,3,WholeBrain,sensitivity__mse__scale4,3T_minus_3NT,-0.016205509507437432,0.014090635561292603,-0.04451201511267554,0.011443613844727727
VP020,3,WholeBrain,sensitivity__mse__scale5,3T_minus_3NT,,,,
VP021,2,Central,entropy__sample_entropy,2T_minus_2NT,-0.003921762129368812,0.014996643062271688,-0.03251956995712348,0.02557757906901313
VP021,2,Central,entropy__mse,2T_minus_2NT,0.0074460160817337966,0.018358237656302994,-0.02932808769738331,0.044176431068230985
VP021,2,Central,sensitivity__mse__scale1,2T_minus_2NT,-0.003921762129368812,0.014996643062271688,-0.03251956995712348,0.02557757906901313
VP021,2,Central,sensitivity__mse__scale2,2T_minus_2NT,-0.00488673517142791,0.022042288821468855,-0.048254547284136924,0.03719297962285778
VP021,2,Central,sensitivity__mse__scale3,2T_minus_2NT,-0.007606523868650517,0.025029390202965216,-0.057772313290907276,0.04082267118490916
VP021,2,Central,sensitivity__mse__scale4,2T_minus_2NT,0.04619908549638214,0.02697753371355369,-0.007630665772923017,0.09593686982853489
VP021,2,Central,sensitivity__mse__scale5,2T_minus_2NT,,,,
VP021,2,Frontal,entropy__sample_entropy,2T_minus_2NT,-0.005411746754503395,0.01006369043794653,-0.026037602239776827,0.01329320625483666
VP021,2,Frontal,entropy__mse,2T_minus_2NT,-0.026116339490880925,0.015980462869609552,-0.059147311600570046,0.0033815193860886987
VP021,2,Frontal,sensitivity__mse__scale1,2T_minus_2NT,-0.005411746754503395,0.01006369043794653,-0.026037602239776827,0.01329320625483666
VP021,2,Frontal,sensitivity__mse__scale2,2T_minus_2NT,-0.01614090400122849,0.01666389649446473,-0.04966868953511543,0.01436548107228601
VP021,2,Frontal,sensitivity__mse__scale3,2T_minus_2NT,-0.035455004540776276,0.018815623291043065,-0.07457318127977486,0.0005386880654191679
VP021,2,Frontal,sensitivity__mse__scale4,2T_minus_2NT,-0.04822761878952822,0.021002065876352224,-0.090125101272547,-0.008232657855299017
VP021,2,Frontal,sensitivity__mse__scale5,2T_minus_2NT,,,,
VP021,2,Occipital,entropy__sample_entropy,2T_minus_2NT,0.020735515112304096,0.00851397494065022,0.004180339720944848,0.037805549455588616
VP021,2,Occipital,entropy__mse,2T_minus_2NT,0.011453938779540653,0.014245981206066278,-0.014486523231563842,0.03981202867963617
VP021,2,Occipital,sensitivity__mse__scale1,2T_minus_2NT,0.020735515112304096,0.00851397494065022,0.004180339720944848,0.037805549455588616
VP021,2,Occipital,sensitivity__mse__scale2,2T_minus_2NT,0.0023550609170289406,0.017124118496788004,-0.03279634678514721,0.03390256591509977
VP021,2,Occipital,sensitivity__mse__scale3,2T_minus_2NT,-0.010219183801460578,0.02686930111850419,-0.06034350217341988,0.04135048505885277
VP021,2,Occipital,sensitivity__mse__scale4,2T_minus_2NT,0.04934858500976779,0.03262488639676501,-0.01249395764625455,0.11708270882790683
VP021,2,Occipital,sensitivity__mse__scale5,2T_minus_2NT,,,,
VP021,2,Parietal,entropy__sample_entropy,2T_minus_2NT,0.010124827473046686,0.008604787633344468,-0.006757967976804649,0.026659349103706032
VP021,2,Parietal,entropy__mse,2T_minus_2NT,0.012062237214370967,0.012826348402686103,-0.011929037084684568,0.03803755565721168
VP021,2,Parietal,sensitivity__mse__scale1,2T_minus_2NT,0.010124827473046686,0.008604787633344468,-0.006757967976804649,0.026659349103706032
VP021,2,Parietal,sensitivity__mse__scale2,2T_minus_2NT,0.01558145740158453,0.014252035393156899,-0.011751267189179914,0.04306582060276624
VP021,2,Parietal,sensitivity__mse__scale3,2T_minus_2NT,-0.016352843974267606,0.01912302727534466,-0.05327784543724342,0.021028988437449093
VP021,2,Parietal,sensitivity__mse__scale4,2T_minus_2NT,0.03723640292795872,0.021858207975989998,-0.006340605427131213,0.08003587715258156
VP021,2,Parietal,sensitivity__mse__scale5,2T_minus_2NT,,,,
VP021,2,Temporal,entropy__sample_entropy,2T_minus_2NT,0.021390114364407204,0.011232122786410944,-0.0009668199236839147,0.04303933958304559
VP021,2,Temporal,entropy__mse,2T_minus_2NT,0.05420430442801583,0.017562443480577748,0.0199442486179268,0.08760646327828601
VP021,2,Temporal,sensitivity__mse__scale1,2T_minus_2NT,0.021390114364407204,0.011232122786410944,-0.0009668199236839147,0.04303933958304559
VP021,2,Temporal,sensitivity__mse__scale2,2T_minus_2NT,0.05563518150273792,0.017939096174022992,0.021376869842645092,0.09068119483628312
VP021,2,Temporal,sensitivity__mse__scale3,2T_minus_2NT,0.028508447840245223,0.024331076941558272,-0.017060926790487735,0.07326119565813811
VP021,2,Temporal,sensitivity__mse__scale4,2T_minus_2NT,0.10430447728887773,0.035683451729794306,0.034073600545895075,0.1701087902118171
VP021,2,Temporal,sensitivity__mse__scale5,2T_minus_2NT,,,,
VP021,2,WholeBrain,entropy__sample_entropy,2T_minus_2NT,0.004457704308410817,0.008164912025422999,-0.012006174442324682,0.020485169476508983
VP021,2,WholeBrain,entropy__mse,2T_minus_2NT,-0.0004861116439462845,0.011665982825419573,-0.023764973761525716,0.022985865568136636
VP021,2,WholeBrain,sensitivity__mse__scale1,2T_minus_2NT,0.004457704308410817,0.008164912025422999,-0.012006174442324682,0.020485169476508983
VP021,2,WholeBrain,sensitivity__mse__scale2,2T_minus_2NT,0.002369946887250978,0.012796494878877457,-0.022932927843931545,0.027268281542534703
VP021,2,WholeBrain,sensitivity__mse__scale3,2T_minus_2NT,-0.019748854923277798,0.014806446449102145,-0.04837643648330403,0.011887918046590697
VP021,2,WholeBrain,sensitivity__mse__scale4,2T_minus_2NT,0.010562768739326356,0.014836728521135158,-0.019061740773191053,0.03976431453058521
VP021,2,WholeBrain,sensitivity__mse__scale5,2T_minus_2NT,,,,
VP021,3,Central,entropy__sample_entropy,3T_minus_3NT,0.02540499911434034,0.014851184556062505,-0.00274433446045966,0.055775895816325485
VP021,3,Central,entropy__mse,3T_minus_3NT,0.03722543485146787,0.0192196044833224,0.001409422240491188,0.07527324783591575
VP021,3,Central,sensitivity__mse__scale1,3T_minus_3NT,0.02540499911434034,0.014851184556062505,-0.00274433446045966,0.055775895816325485
VP021,3,Central,sensitivity__mse__scale2,3T_minus_3NT,0.038165621020021946,0.020816308835871242,-0.0023356669729515597,0.08067421614913184
VP021,3,Central,sensitivity__mse__scale3,3T_minus_3NT,0.019554291783679727,0.027065543365851617,-0.03264837015768183,0.07232442613557045
VP021,3,Central,sensitivity__mse__scale4,3T_minus_3NT,0.07022051386504716,0.027901189177447782,0.016413078177213363,0.12135159578449045
VP021,3,Central,sensitivity__mse__scale5,3T_minus_3NT,,,,
VP021,3,Frontal,entropy__sample_entropy,3T_minus_3NT,0.00635635943686251,0.010285091308966687,-0.012967998745987608,0.026186983285036828
VP021,3,Frontal,entropy__mse,3T_minus_3NT,0.01197555816431364,0.016560535045324464,-0.02061477530282039,0.04478941156887703
VP021,3,Frontal,sensitivity__mse__scale1,3T_minus_3NT,0.00635635943686251,0.010285091308966687,-0.012967998745987608,0.026186983285036828
VP021,3,Frontal,sensitivity__mse__scale2,3T_minus_3NT,0.012308236694401438,0.017357230039478404,-0.020929981885677202,0.04673546840979114
VP021,3,Frontal,sensitivity__mse__scale3,3T_minus_3NT,0.01726152914804079,0.018877768203742852,-0.01974590698167232,0.05576273624704133
VP021,3,Frontal,sensitivity__mse__scale4,3T_minus_3NT,0.012295278488786305,0.022567031166662734,-0.03229660831298388,0.05641764616497956
VP021,3,Frontal,sensitivity__mse__scale5,3T_minus_3NT,,,,
VP021,3,Occipital,entropy__sample_entropy,3T_minus_3NT,0.03282828485219613,0.00944359236454804,0.01519943631263886,0.051997152435778286
VP021,3,Occipital,entropy__mse,3T_minus_3NT,0.02373977472308625,0.01318850101430217,-0.0016751031025087238,0.04986929297186918
VP021,3,Occipital,sensitivity__mse__scale1,3T_minus_3NT,0.03282828485219613,0.00944359236454804,0.01519943631263886,0.051997152435778286
VP021,3,Occipital,sensitivity__mse__scale2,3T_minus_3NT,0.035171889935865085,0.01997354346309305,-0.0040070674052118446,0.07490057326007316
VP021,3,Occipital,sensitivity__mse__scale3,3T_minus_3NT,0.043253335659838826,0.02449622711437631,-0.0035669283305136963,0.08875411695550453
VP021,3,Occipital,sensitivity__mse__scale4,3T_minus_3NT,-0.009478208891354832,0.030931625396778496,-0.06976437589478174,0.0518921803043865
VP021,3,Occipital,sensitivity__mse__scale5,3T_minus_3NT,,,,
VP021,3,Parietal,entropy__sample_entropy,3T_minus_3NT,0.035435978017589805,0.010797358494303634,0.014322528252953945,0.055950510034647176
VP021,3,Parietal,entropy__mse,3T_minus_3NT,0.04107658381668084,0.013821084401797457,0.015052700385451118,0.06864455094681716
VP021,3,Parietal,sensitivity__mse__scale1,3T_minus_3NT,0.035435978017589805,0.010797358494303634,0.014322528252953945,0.055950510034647176
VP021,3,Parietal,sensitivity__mse__scale2,3T_minus_3NT,0.05076494186659865,0.015653354182311653,0.020469742165084643,0.08075957041976822
VP021,3,Parietal,sensitivity__mse__scale3,3T_minus_3NT,0.046965563969754244,0.01946140011222895,0.010111403251885493,0.08438411438109916
VP021,3,Parietal,sensitivity__mse__scale4,3T_minus_3NT,0.03187441838413589,0.020048983599899747,-0.006007479504308888,0.06932181834487848
VP021,3,Parietal,sensitivity__mse__scale5,3T_minus_3NT,,,,
VP021,3,Temporal,entropy__sample_entropy,3T_minus_3NT,0.04377852430952042,0.01482543405033961,0.01499248997215647,0.07233595423399404
VP021,3,Temporal,entropy__mse,3T_minus_3NT,0.018219553128831792,0.019131254034389894,-0.018101807138728266,0.05661431758368406
VP021,3,Temporal,sensitivity__mse__scale1,3T_minus_3NT,0.04377852430952042,0.01482543405033961,0.01499248997215647,0.07233595423399404
VP021,3,Temporal,sensitivity__mse__scale2,3T_minus_3NT,0.04177158048640609,0.020185074420970353,0.004156082631016761,0.08304512686264108
VP021,3,Temporal,sensitivity__mse__scale3,3T_minus_3NT,0.004572255127328208,0.026228553378741217,-0.043468014531017334,0.05412505938155538
VP021,3,Temporal,sensitivity__mse__scale4,3T_minus_3NT,-0.021687772016017993,0.029806967112548523,-0.08201429494097824,0.038548847256709824
VP021,3,Temporal,sensitivity__mse__scale5,3T_minus_3NT,,,,
VP021,3,WholeBrain,entropy__sample_entropy,3T_minus_3NT,0.023253594874372924,0.009483930163650654,0.004869616194039767,0.041943302074723854
VP021,3,WholeBrain,entropy__mse,3T_minus_3NT,0.025741254612103807,0.012679734920888731,0.002810303340191123,0.05035851047426725
VP021,3,WholeBrain,sensitivity__mse__scale1,3T_minus_3NT,0.023253594874372924,0.009483930163650654,0.004869616194039767,0.041943302074723854
VP021,3,WholeBrain,sensitivity__mse__scale2,3T_minus_3NT,0.031993956224224115,0.01440615626434208,0.004324867182414728,0.060938324931447296
VP021,3,WholeBrain,sensitivity__mse__scale3,3T_minus_3NT,0.028005186808973903,0.015338265434761694,-0.0010993198251185333,0.0604728952136339
VP021,3,WholeBrain,sensitivity__mse__scale4,3T_minus_3NT,0.018453876506051615,0.016041452974117458,-0.01264301884686268,0.050100804678412915
VP021,3,WholeBrain,sensitivity__mse__scale5,3T_minus_3NT,,,,
VP022,2,Central,entropy__sample_entropy,2T_minus_2NT,0.012547789282428654,0.012574849012252002,-0.012241037895982531,0.03638773468117483
VP022,2,Central,entropy__mse,2T_minus_2NT,0.022212594885927004,0.01696172063682138,-0.012460977106085291,0.05430848700437206
VP022,2,Central,sensitivity__mse__scale1,2T_minus_2NT,0.012547789282428654,0.012574849012252002,-0.012241037895982531,0.03638773468117483
VP022,2,Central,sensitivity__mse__scale2,2T_minus_2NT,0.014567786147863448,0.022350417287685477,-0.02875137095218954,0.05900257254394292
VP022,2,Central,sensitivity__mse__scale3,2T_minus_2NT,0.01031290265192504,0.03339488529820012,-0.05954425732302309,0.07171021942382334
VP022,2,Central,sensitivity__mse__scale4,2T_minus_2NT,0.05967084595072698,0.031725875810861635,-0.0015019728980598995,0.1195649720606165
VP022,2,Central,sensitivity__mse__scale5,2T_minus_2NT,,,,
VP022,2,Frontal,entropy__sample_entropy,2T_minus_2NT,0.05852077999776038,0.01724240191473826,0.023501737857216508,0.09213569714991159
VP022,2,Frontal,entropy__mse,2T_minus_2NT,0.04549302301972283,0.02139005927426296,0.001103258880357905,0.08828049040812959
VP022,2,Frontal,sensitivity__mse__scale1,2T_minus_2NT,0.05852077999776038,0.01724240191473826,0.023501737857216508,0.09213569714991159
VP022,2,Frontal,sensitivity__mse__scale2,2T_minus_2NT,0.05259066926854519,0.023990703831195184,0.0035670544418917984,0.09976157411593616
VP022,2,Frontal,sensitivity__mse__scale3,2T_minus_2NT,0.024187382077553502,0.027173930762098775,-0.03252721495479788,0.07630644216584105
VP022,2,Frontal,sensitivity__mse__scale4,2T_minus_2NT,0.04528411782619893,0.02785718446448392,-0.008044498644318214,0.10042761966522394
VP022,2,Frontal,sensitivity__mse__scale5,2T_minus_2NT,,,,
VP022,2,Occipital,entropy__sample_entropy,2T_minus_2NT,-0.000468245294119662,0.010605592892086492,-0.020553108507586255,0.019700043522208086
VP022,2,Occipital,entropy__mse,2T_minus_2NT,-0.021938674812185022,0.014888304341185448,-0.050268999332231244,0.0060135219810396765
VP022,2,Occipital,sensitivity__mse__scale1,2T_minus_2NT,-0.000468245294119662,0.010605592892086492,-0.020553108507586255,0.019700043522208086
VP022,2,Occipital,sensitivity__mse__scale2,2T_minus_2NT,-0.015489464831865465,0.021099070219984892,-0.05698241673315437,0.02801226073936431
VP022,2,Occipital,sensitivity__mse__scale3,2T_minus_2NT,-0.00955555344619589,0.030652190291986712,-0.06928440263188948,0.048213821958495266
VP022,2,Occipital,sensitivity__mse__scale4,2T_minus_2NT,-0.04599594215986895,0.03378260464376349,-0.11130034216133723,0.01944386696708875
VP022,2,Occipital,sensitivity__mse__scale5,2T_minus_2NT,,,,
VP022,2,Parietal,entropy__sample_entropy,2T_minus_2NT,3.2654338625277113e-05,0.011810820212049235,-0.022277583392513598,0.02357461664523717
VP022,2,Parietal,entropy__mse,2T_minus_2NT,-0.0036318160414777266,0.012216894413163771,-0.027019393693281657,0.02040068999238224
VP022,2,Parietal,sensitivity__mse__scale1,2T_minus_2NT,3.2654338625277113e-05,0.011810820212049235,-0.022277583392513598,0.02357461664523717
VP022,2,Parietal,sensitivity__mse__scale2,2T_minus_2NT,-0.012117690952631233,0.016864019458756166,-0.04421961230034805,0.020423924200190267
VP022,2,Parietal,sensitivity__mse__scale3,2T_minus_2NT,0.04507287117103674,0.019961203300811615,0.007988200789151445,0.08361888942669203
VP022,2,Parietal,sensitivity__mse__scale4,2T_minus_2NT,-0.042023296589976784,0.02195478172666815,-0.08268443947593704,0.0035420749315720275
VP022,2,Parietal,sensitivity__mse__scale5,2T_minus_2NT,,,,
VP022,2,Temporal,entropy__sample_entropy,2T_minus_2NT,0.02478917445431884,0.01177472492984296,0.0018757326020490744,0.0470314847718622
VP022,2,Temporal,entropy__mse,2T_minus_2NT,0.034837644771282525,0.017303675695315823,0.0024654237313765487,0.06914292687463816
VP022,2,Temporal,sensitivity__mse__scale1,2T_minus_2NT,0.02478917445431884,0.01177472492984296,0.0018757326020490744,0.0470314847718622
VP022,2,Temporal,sensitivity__mse__scale2,2T_minus_2NT,-0.034839755283066653,0.028278222235823804,-0.08717393246113601,0.02175111820937058
VP022,2,Temporal,sensitivity__mse__scale3,2T_minus_2NT,0.08868330335818897,0.03200273974533583,0.027576254977748526,0.14776656268010532
VP022,2,Temporal,sensitivity__mse__scale4,2T_minus_2NT,0.07099688211360018,0.04051006584738797,-0.007287603179163748,0.15091064753554836
VP022,2,Temporal,sensitivity__mse__scale5,2T_minus_2NT,,,,
VP022,2,WholeBrain,entropy__sample_entropy,2T_minus_2NT,0.026065694639162706,0.011732205205082476,0.0023536169172692525,0.04911104003640694
VP022,2,WholeBrain,entropy__mse,2T_minus_2NT,0.019222641378837387,0.013303220831750742,-0.006866064042593039,0.044737770323487455
VP022,2,WholeBrain,sensitivity__mse__scale1,2T_minus_2NT,0.026065694639162706,0.011732205205082476,0.0023536169172692525,0.04911104003640694
VP022,2,WholeBrain,sensitivity__mse__scale2,2T_minus_2NT,0.01417834274150659,0.016231211920726428,-0.0173331666128381,0.04492275135468346
VP022,2,WholeBrain,sensitivity__mse__scale3,2T_minus_2NT,0.03133579910685184,0.017817362382608982,-0.004544062887395999,0.06561311326615973
VP022,2,WholeBrain,sensitivity__mse__scale4,2T_minus_2NT,0.007032341114455991,0.017639261833448928,-0.025601312481794848,0.04256359150082495
VP022,2,WholeBrain,sensitivity__mse__scale5,2T_minus_2NT,,,,
VP022,3,Central,entropy__sample_entropy,3T_minus_3NT,-0.007330881824179899,0.012188378811109693,-0.031213715256055395,0.016261453709006397
VP022,3,Central,entropy__mse,3T_minus_3NT,-0.0013158859475578522,0.015238039274687901,-0.030573637651328926,0.027249728323387998
VP022,3,Central,sensitivity__mse__scale1,3T_minus_3NT,-0.007330881824179899,0.012188378811109693,-0.031213715256055395,0.016261453709006397
VP022,3,Central,sensitivity__mse__scale2,3T_minus_3NT,-0.024528909830355786,0.02180620301378868,-0.06758493258964286,0.01649333215985593
VP022,3,Central,sensitivity__mse__scale3,3T_minus_3NT,0.0043232604290234875,0.02730316346076647,-0.048777552780993605,0.05992721356173606
VP022,3,Central,sensitivity__mse__scale4,3T_minus_3NT,0.030680919061898012,0.0333828184865849,-0.036535260632342206,0.09656456898443297
VP022,3,Central,sensitivity__mse__scale5,3T_minus_3NT,,,,
VP022,3,Frontal,entropy__sample_entropy,3T_minus_3NT,-0.00841028342585124,0.018138084994011313,-0.0468174243603413,0.024883885760623645
VP022,3,Frontal,entropy__mse,3T_minus_3NT,0.009095920308982396,0.022496693025508926,-0.035339416979155394,0.05341192541801797
VP022,3,Frontal,sensitivity__mse__scale1,3T_minus_3NT,-0.00841028342585124,0.018138084994011313,-0.0468174243603413,0.024883885760623645
VP022,3,Frontal,sensitivity__mse__scale2,3T_minus_3NT,-0.005487357267041859,0.02637727711302828,-0.05717474804771447,0.04425029204326766
VP022,3,Frontal,sensitivity__mse__scale3,3T_minus_3NT,0.008811711468465556,0.02899030168391228,-0.04635322808551646,0.06403210148838645
VP022,3,Frontal,sensitivity__mse__scale4,3T_minus_3NT,0.04965993854160145,0.026347165540639948,-0.0028505790870693,0.10020755014552007
VP022,3,Frontal,sensitivity__mse__scale5,3T_minus_3NT,,,,
VP022,3,Occipital,entropy__sample_entropy,3T_minus_3NT,-0.005192865751475622,0.010685484709094514,-0.02733567686991244,0.015332744020988153
VP022,3,Occipital,entropy__mse,3T_minus_3NT,0.031844455403868134,0.015521900106105886,0.0006886300989963178,0.06156741495056629
VP022,3,Occipital,sensitivity__mse__scale1,3T_minus_3NT,-0.005192865751475622,0.010685484709094514,-0.02733567686991244,0.015332744020988153
VP022,3,Occipital,sensitivity__mse__scale2,3T_minus_3NT,0.05640407180361618,0.022809320673257003,0.011372575600321256,0.10243802369749817
VP022,3,Occipital,sensitivity__mse__scale3,3T_minus_3NT,0.0597626787416459,0.03261009425970099,-0.004936203514503967,0.12566633368211333
VP022,3,Occipital,sensitivity__mse__scale4,3T_minus_3NT,0.009294400103512146,0.03624698153449766,-0.06273058740061582,0.08240873719247592
VP022,3,Occipital,sensitivity__mse__scale5,3T_minus_3NT,,,,
VP022,3,Parietal,entropy__sample_entropy,3T_minus_3NT,-0.004617775222544118,0.010050370338002552,-0.024129876413728824,0.014843206226392796
VP022,3,Parietal,entropy__mse,3T_minus_3NT,0.014935857834226417,0.011265399066087882,-0.006362458159980838,0.03686770014229197
VP022,3,Parietal,sensitivity__mse__scale1,3T_minus_3NT,-0.004617775222544118,0.010050370338002552,-0.024129876413728824,0.014843206226392796
VP022,3,Parietal,sensitivity__mse__scale2,3T_minus_3NT,0.07634807364575674,0.015564836479223068,0.04636243117644464,0.10640899617850832
VP022,3,Parietal,sensitivity__mse__scale3,3T_minus_3NT,-0.005834600239677695,0.020381341986157202,-0.04574333181957417,0.03272445987779914
VP022,3,Parietal,sensitivity__mse__scale4,3T_minus_3NT,0.002724159524839447,0.021126090068510912,-0.03818120223460053,0.04209427962923997
VP022,3,Parietal,sensitivity__mse__scale5,3T_minus_3NT,,,,
VP022,3,Temporal,entropy__sample_entropy,3T_minus_3NT,-0.01385658614826418,0.010499631854361311,-0.03426959181728711,0.006803120901169519
VP022,3,Temporal,entropy__mse,3T_minus_3NT,-0.008979550360227037,0.015936736632571828,-0.041071669756510186,0.02215076046097469
VP022,3,Temporal,sensitivity__mse__scale1,3T_minus_3NT,-0.01385658614826418,0.010499631854361311,-0.03426959181728711,0.006803120901169519
VP022,3,Temporal,sensitivity__mse__scale2,3T_minus_3NT,0.01653312556138492,0.026528104888202755,-0.033414196508813845,0.07066721690896473
VP022,3,Temporal,sensitivity__mse__scale3,3T_minus_3NT,0.006622121541532835,0.03677405912892343,-0.0671718988153813,0.08050688614330188
VP022,3,Temporal,sensitivity__mse__scale4,3T_minus_3NT,-0.03589308137798064,0.038785636200439975,-0.11061762255805632,0.038250357699245854
VP022,3,Temporal,sensitivity__mse__scale5,3T_minus_3NT,,,,
VP022,3,WholeBrain,entropy__sample_entropy,3T_minus_3NT,-0.007119911061098693,0.011165322303042494,-0.029100132157991225,0.014290977402875946
VP022,3,WholeBrain,entropy__mse,3T_minus_3NT,0.011003730412689698,0.012668578854029241,-0.014871578426671412,0.035682539397821844
VP022,3,WholeBrain,sensitivity__mse__scale1,3T_minus_3NT,-0.007119911061098693,0.011165322303042494,-0.029100132157991225,0.014290977402875946
VP022,3,WholeBrain,sensitivity__mse__scale2,3T_minus_3NT,0.026914190486454565,0.01590289662584494,-0.003840790805390858,0.058032172822481444
VP022,3,WholeBrain,sensitivity__mse__scale3,3T_minus_3NT,0.0072750096554977575,0.017033835245416164,-0.02595865546901561,0.039057892135319
VP022,3,WholeBrain,sensitivity__mse__scale4,3T_minus_3NT,0.020602489386462003,0.016369119648216704,-0.01258249006562447,0.05336699950582309
VP022,3,WholeBrain,sensitivity__mse__scale5,3T_minus_3NT,,,,
VP023,2,Central,entropy__sample_entropy,2T_minus_2NT,-0.017929060529213062,0.014801412569156222,-0.047131861233340455,0.011563293405604025
VP023,2,Central,entropy__mse,2T_minus_2NT,-0.001485323678917596,0.02050801507211569,-0.04120527048528668,0.036809508966854705
VP023,2,Central,sensitivity__mse__scale1,2T_minus_2NT,-0.017929060529213062,0.014801412569156222,-0.047131861233340455,0.011563293405604025
VP023,2,Central,sensitivity__mse__scale2,2T_minus_2NT,0.004065746699792059,0.022991995770089455,-0.04277330648794459,0.04973331397730388
VP023,2,Central,sensitivity__mse__scale3,2T_minus_2NT,0.026559811409046445,0.02934202116845853,-0.02956723022434724,0.08282389132615557
VP023,2,Central,sensitivity__mse__scale4,2T_minus_2NT,-0.020903667091331988,0.03633444314263282,-0.0924304569094951,0.05036505352618432
VP023,2,Central,sensitivity__mse__scale5,2T_minus_2NT,,,,
VP023,2,Frontal,entropy__sample_entropy,2T_minus_2NT,-0.030753703278294253,0.021056360864598188,-0.07330477794498219,0.012005699514510032
VP023,2,Frontal,entropy__mse,2T_minus_2NT,-0.037297040398897634,0.02972503540928969,-0.09618640265279753,0.020348817029256686
VP023,2,Frontal,sensitivity__mse__scale1,2T_minus_2NT,-0.030753703278294253,0.021056360864598188,-0.07330477794498219,0.012005699514510032
VP023,2,Frontal,sensitivity__mse__scale2,2T_minus_2NT,-0.053294044501111144,0.03332130716011085,-0.12151610420348852,0.01352037194400017
VP023,2,Frontal,sensitivity__mse__scale3,2T_minus_2NT,-0.04827023905454497,0.035323468282313926,-0.12155443592964428,0.023583235781402135
VP023,2,Frontal,sensitivity__mse__scale4,2T_minus_2NT,-0.016240861534944015,0.03203952709844564,-0.08148418945460874,0.0467172374178831
VP023,2,Frontal,sensitivity__mse__scale5,2T_minus_2NT,,,,
VP023,2,Occipital,entropy__sample_entropy,2T_minus_2NT,0.012165820165706798,0.013039596691253603,-0.013215755696265657,0.03794566480516992
VP023,2,Occipital,entropy__mse,2T_minus_2NT,-0.018953902901589374,0.015724236014329856,-0.05058864491057381,0.012400089041381589
VP023,2,Occipital,sensitivity__mse__scale1,2T_minus_2NT,0.012165820165706798,0.013039596691253603,-0.013215755696265657,0.03794566480516992
VP023,2,Occipital,sensitivity__mse__scale2,2T_minus_2NT,-0.04781702593819303,0.022681357016500064,-0.09174446782468515,-0.0038781962754704706
VP023,2,Occipital,sensitivity__mse__scale3,2T_minus_2NT,0.010868721458118024,0.03039711811523815,-0.049492442286412766,0.06763946140836388
VP023,2,Occipital,sensitivity__mse__scale4,2T_minus_2NT,-0.04886418193982603,0.03338224932082922,-0.11421062858754648,0.01618861406195336
VP023,2,Occipital,sensitivity__mse__scale5,2T_minus_2NT,,,,
VP023,2,Parietal,entropy__sample_entropy,2T_minus_2NT,-0.015473617051844649,0.013177762933373017,-0.04257028516752714,0.01304124600354593
VP023,2,Parietal,entropy__mse,2T_minus_2NT,-0.014092839368347874,0.0128228608200681,-0.037731671517415986,0.011838340163724433
VP023,2,Parietal,sensitivity__mse__scale1,2T_minus_2NT,-0.015473617051844649,0.013177762933373017,-0.04257028516752714,0.01304124600354593
VP023,2,Parietal,sensitivity__mse__scale2,2T_minus_2NT,-0.026016792724729662,0.01623738945342711,-0.05612475982141434,0.005484981582612905
VP023,2,Parietal,sensitivity__mse__scale3,2T_minus_2NT,0.01024444368367673,0.021334720289702284,-0.031757347683481776,0.051712550731054525
VP023,2,Parietal,sensitivity__mse__scale4,2T_minus_2NT,-0.02308543410187545,0.01862435545776013,-0.057475167335224106,0.014329667702768329
VP023,2,Parietal,sensitivity__mse__scale5,2T_minus_2NT,,,,
VP023,2,Temporal,entropy__sample_entropy,2T_minus_2NT,-0.0056242979423076515,0.015739244908611453,-0.037042534794149345,0.02483937275452711
VP023,2,Temporal,entropy__mse,2T_minus_2NT,0.03185786802907054,0.017491010858786352,-0.0022317925797109726,0.06515080398991344
VP023,2,Temporal,sensitivity__mse__scale1,2T_minus_2NT,-0.0056242979423076515,0.015739244908611453,-0.037042534794149345,0.02483937275452711
VP023,2,Temporal,sensitivity__mse__scale2,2T_minus_2NT,-0.011501678053910972,0.025190129806099536,-0.06288128652051553,0.03779060675363813
VP023,2,Temporal,sensitivity__mse__scale3,2T_minus_2NT,0.0793257594122893,0.030995877569398495,0.0184301126504213,0.14083274466038814
VP023,2,Temporal,sensitivity__mse__scale4,2T_minus_2NT,0.04653381822408944,0.035524439710247276,-0.023553295861155794,0.11510992588222957
VP023,2,Temporal,sensitivity__mse__scale5,2T_minus_2NT,,,,
VP023,2,WholeBrain,entropy__sample_entropy,2T_minus_2NT,-0.018074700232248796,0.013484888331959282,-0.043926035613193117,0.007988240944770469
VP023,2,WholeBrain,entropy__mse,2T_minus_2NT,-0.0190966050852281,0.016515821769691623,-0.05102828944575087,0.014027219099150817
VP023,2,WholeBrain,sensitivity__mse__scale1,2T_minus_2NT,-0.018074700232248796,0.013484888331959282,-0.043926035613193117,0.007988240944770469
VP023,2,WholeBrain,sensitivity__mse__scale2,2T_minus_2NT,-0.03480867206635039,0.019586183973670696,-0.07281364379714644,0.0036673416692125462
VP023,2,WholeBrain,sensitivity__mse__scale3,2T_minus_2NT,-0.007112222984998149,0.020462074644446607,-0.048000954553045004,0.03289302824962656
VP023,2,WholeBrain,sensitivity__mse__scale4,2T_minus_2NT,-0.016286477281530643,0.01871381843961386,-0.053431915607308186,0.019447725083007527
VP023,2,WholeBrain,sensitivity__mse__scale5,2T_minus_2NT,,,,
VP023,3,Central,entropy__sample_entropy,3T_minus_3NT,-0.027935766881590326,0.015995907337954047,-0.060155728809630674,0.0007699782540566602
VP023,3,Central,entropy__mse,3T_minus_3NT,-0.00957700930038488,0.017499286269684635,-0.045919469840828564,0.023434428241077013
VP023,3,Central,sensitivity__mse__scale1,3T_minus_3NT,-0.027935766881590326,0.015995907337954047,-0.060155728809630674,0.0007699782540566602
VP023,3,Central,sensitivity__mse__scale2,3T_minus_3NT,-0.02555926049706204,0.02061670767384388,-0.06543736074684871,0.013531983699074542
VP023,3,Central,sensitivity__mse__scale3,3T_minus_3NT,0.011414405569700734,0.024316058680851543,-0.03599214087670029,0.059613064242336186
VP023,3,Central,sensitivity__mse__scale4,3T_minus_3NT,0.006878096230220728,0.030410108534927073,-0.052813039063346216,0.06670923577249617
VP023,3,Central,sensitivity__mse__scale5,3T_minus_3NT,,,,
VP023,3,Frontal,entropy__sample_entropy,3T_minus_3NT,-0.03765972359288128,0.019650312388186316,-0.07754086269790271,0.00025771650567653906
VP023,3,Frontal,entropy__mse,3T_minus_3NT,-0.05928245972738664,0.02812192795697265,-0.11588425129092932,-0.005208779214837474
VP023,3,Frontal,sensitivity__mse__scale1,3T_minus_3NT,-0.03765972359288128,0.019650312388186316,-0.07754086269790271,0.00025771650567653906
VP023,3,Frontal,sensitivity__mse__scale2,3T_minus_3NT,-0.061432258383957175,0.03071140061930356,-0.12269451420148669,-0.003090432194922572
VP023,3,Frontal,sensitivity__mse__scale3,3T_minus_3NT,-0.0629893898669041,0.031612934569923465,-0.12178236711689057,-0.003454534423343199
VP023,3,Frontal,sensitivity__mse__scale4,3T_minus_3NT,-0.07658042160227492,0.03403252608607231,-0.1422242374714824,-0.011049504599721536
VP023,3,Frontal,sensitivity__mse__scale5,3T_minus_3NT,,,,
VP023,3,Occipital,entropy__sample_entropy,3T_minus_3NT,-0.0066217661588039095,0.014721163605448307,-0.034735562985024684,0.02195220613402988
VP023,3,Occipital,entropy__mse,3T_minus_3NT,0.000947772429480165,0.016015458296818403,-0.031498079398015015,0.03313424834314328
VP023,3,Occipital,sensitivity__mse__scale1,3T_minus_3NT,-0.0066217661588039095,0.014721163605448307,-0.034735562985024684,0.02195220613402988
VP023,3,Occipital,sensitivity__mse__scale2,3T_minus_3NT,-0.037725288467236044,0.02297302999314738,-0.08101799323405577,0.005334094977887281
VP023,3,Occipital,sensitivity__mse__scale3,3T_minus_3NT,0.0768747875766475,0.027079284470481645,0.02383030520170142,0.13278815884132353
VP023,3,Occipital,sensitivity__mse__scale4,3T_minus_3NT,-0.05092141562316796,0.03776766241843864,-0.1248440132642613,0.01982400379940847
VP023,3,Occipital,sensitivity__mse__scale5,3T_minus_3NT,,,,
VP023,3,Parietal,entropy__sample_entropy,3T_minus_3NT,-0.0198011013192521,0.013819184270196828,-0.04652162881833042,0.00792492223016107
VP023,3,Parietal,entropy__mse,3T_minus_3NT,-0.014700406645771356,0.01344778780995909,-0.04116555152109137,0.011264547813805226
VP023,3,Parietal,sensitivity__mse__scale1,3T_minus_3NT,-0.0198011013192521,0.013819184270196828,-0.04652162881833042,0.00792492223016107
VP023,3,Parietal,sensitivity__mse__scale2,3T_minus_3NT,-0.015565052620269795,0.017285614483986602,-0.04885251662296681,0.019197237835225308
VP023,3,Parietal,sensitivity__mse__scale3,3T_minus_3NT,-0.035086447721759624,0.020407074701273495,-0.07487764513309147,0.005638522883648114
VP023,3,Parietal,sensitivity__mse__scale4,3T_minus_3NT,0.013633927654009056,0.02380271826725612,-0.034431116859800645,0.059009417267069215
VP023,3,Parietal,sensitivity__mse__scale5,3T_minus_3NT,,,,
VP023,3,Temporal,entropy__sample_entropy,3T_minus_3NT,-0.019602800300406863,0.0155096535422867,-0.04989453306069348,0.008902208222733918
VP023,3,Temporal,entropy__mse,3T_minus_3NT,-0.021790448726329067,0.01896644732920789,-0.05833233516091047,0.017862789033291013
VP023,3,Temporal,sensitivity__mse__scale1,3T_minus_3NT,-0.019602800300406863,0.0155096535422867,-0.04989453306069348,0.008902208222733918
VP023,3,Temporal,sensitivity__mse__scale2,3T_minus_3NT,-0.0437003223659721,0.02443477609027516,-0.0914422355633076,0.0028246538122201166
VP023,3,Temporal,sensitivity__mse__scale3,3T_minus_3NT,0.020436814073115185,0.032233903212438644,-0.04371126238647279,0.08324401653507976
VP023,3,Temporal,sensitivity__mse__scale4,3T_minus_3NT,-0.05182407244339538,0.038331280995818666,-0.1281878858048664,0.021889816475618204
VP023,3,Temporal,sensitivity__mse__scale5,3T_minus_3NT,,,,
VP023,3,WholeBrain,entropy__sample_entropy,3T_minus_3NT,-0.026262323968462675,0.013022102940853746,-0.05247116118437788,-0.0018713589360112627
VP023,3,WholeBrain,entropy__mse,3T_minus_3NT,-0.03049569017423494,0.015340053915728838,-0.06068207758152092,-7.201207813000641e-05
VP023,3,WholeBrain,sensitivity__mse__scale1,3T_minus_3NT,-0.026262323968462675,0.013022102940853746,-0.05247116118437788,-0.0018713589360112627
VP023,3,WholeBrain,sensitivity__mse__scale2,3T_minus_3NT,-0.03903909312252866,0.01782042598595857,-0.07360470997592924,-0.004608233520676102
VP023,3,WholeBrain,sensitivity__mse__scale3,3T_minus_3NT,-0.025324610590843167,0.017148130004213693,-0.05798107897697005,0.010619963632504007
VP023,3,WholeBrain,sensitivity__mse__scale4,3T_minus_3NT,-0.03325496849717872,0.020303872421848213,-0.07149285408514792,0.006827372299618277
VP023,3,WholeBrain,sensitivity__mse__scale5,3T_minus_3NT,,,,
VP024,2,Central,entropy__sample_entropy,2T_minus_2NT,0.00529900704333774,0.009021897496227631,-0.01257432953241131,0.023156921756209013
VP024,2,Central,entropy__mse,2T_minus_2NT,0.000285526225300472,0.013109343820332773,-0.026669981923754593,0.0257770556445855
VP024,2,Central,sensitivity__mse__scale1,2T_minus_2NT,0.00529900704333774,0.009021897496227631,-0.01257432953241131,0.023156921756209013
VP024,2,Central,sensitivity__mse__scale2,2T_minus_2NT,-0.001617411428325791,0.020272397785184738,-0.04187398125389422,0.03690618818986192
VP024,2,Central,sensitivity__mse__scale3,2T_minus_2NT,-0.027527055967875212,0.032432544851542594,-0.09018720156960865,0.036739248046966155
VP024,2,Central,sensitivity__mse__scale4,2T_minus_2NT,0.014567654312151864,0.03299223194080277,-0.04673040251180206,0.07777042176979129
VP024,2,Central,sensitivity__mse__scale5,2T_minus_2NT,,,,
VP024,2,Frontal,entropy__sample_entropy,2T_minus_2NT,0.015245916741526583,0.014793792638706596,-0.011779124485123794,0.045985049894055115
VP024,2,Frontal,entropy__mse,2T_minus_2NT,0.004513703602097715,0.01945464686290144,-0.03126755405392692,0.04506155705945603
VP024,2,Frontal,sensitivity__mse__scale1,2T_minus_2NT,0.015245916741526583,0.014793792638706596,-0.011779124485123794,0.045985049894055115
VP024,2,Frontal,sensitivity__mse__scale2,2T_minus_2NT,-0.015140615011860231,0.02343194862492512,-0.0598553753238704,0.03373968639098486
VP024,2,Frontal,sensitivity__mse__scale3,2T_minus_2NT,-0.0057182944799102796,0.024656135495191373,-0.052141708045822924,0.04268154079204803
VP024,2,Frontal,sensitivity__mse__scale4,2T_minus_2NT,0.021771300708065808,0.023710384539887677,-0.023570024475129646,0.06959141212304625
VP024,2,Frontal,sensitivity__mse__scale5,2T_minus_2NT,,,,
VP024,2,Occipital,entropy__sample_entropy,2T_minus_2NT,0.032319920430028244,0.011811367549974312,0.009761092758062773,0.05518168439907553
VP024,2,Occipital,entropy__mse,2T_minus_2NT,0.012829225238329248,0.014849337160718755,-0.015403047428549328,0.042319363605691857
VP024,2,Occipital,sensitivity__mse__scale1,2T_minus_2NT,0.032319920430028244,0.011811367549974312,0.009761092758062773,0.05518168439907553
VP024,2,Occipital,sensitivity__mse__scale2,2T_minus_2NT,-0.018483024628892643,0.02244503767581843,-0.062249907261150116,0.024168239020204412
VP024,2,Occipital,sensitivity__mse__scale3,2T_minus_2NT,0.01940585886241712,0.029777962113453477,-0.038509277218173994,0.07991475093953691
VP024,2,Occipital,sensitivity__mse__scale4,2T_minus_2NT,-0.0011209999848270558,0.028761949351375462,-0.05400283656474088,0.05260979279860011
VP024,2,Occipital,sensitivity__mse__scale5,2T_minus_2NT,,,,
VP024,2,Parietal,entropy__sample_entropy,2T_minus_2NT,0.02392141495238578,0.008608052834712103,0.008023668785830967,0.04061663437464544
VP024,2,Parietal,entropy__mse,2T_minus_2NT,0.006745748161904742,0.008079385696508023,-0.00818927631743972,0.022932440979974995
VP024,2,Parietal,sensitivity__mse__scale1,2T_minus_2NT,0.02392141495238578,0.008608052834712103,0.008023668785830967,0.04061663437464544
VP024,2,Parietal,sensitivity__mse__scale2,2T_minus_2NT,0.04633667200415521,0.012913417226732414,0.022469458248014572,0.07227666926036634
VP024,2,Parietal,sensitivity__mse__scale3,2T_minus_2NT,-0.015117406533679375,0.019056245975821225,-0.05072639662524307,0.023859669794417525
VP024,2,Parietal,sensitivity__mse__scale4,2T_minus_2NT,-0.026870999552908895,0.01836179893536624,-0.06278326290106548,0.0077506154817226485
VP024,2,Parietal,sensitivity__mse__scale5,2T_minus_2NT,,,,
VP024,2,Temporal,entropy__sample_entropy,2T_minus_2NT,-0.003204357380257085,0.010014540508367479,-0.023364110237825753,0.015098069702630135
VP024,2,Temporal,entropy__mse,2T_minus_2NT,-0.04081002160121642,0.016045509936202847,-0.07124663010161647,-0.010538578856173828
VP024,2,Temporal,sensitivity__mse__scale1,2T_minus_2NT,-0.003204357380257085,0.010014540508367479,-0.023364110237825753,0.015098069702630135
VP024,2,Temporal,sensitivity__mse__scale2,2T_minus_2NT,-0.04553536286113827,0.02756432486602589,-0.0978898507900873,0.008021824504099297
VP024,2,Temporal,sensitivity__mse__scale3,2T_minus_2NT,-0.043460894131070515,0.0334134530290053,-0.10688155819938071,0.021964808034968173
VP024,2,Temporal,sensitivity__mse__scale4,2T_minus_2NT,-0.06223443684722644,0.03456565440819987,-0.13068594374574827,0.005558915251825679
VP024,2,Temporal,sensitivity__mse__scale5,2T_minus_2NT,,,,
VP024,2,WholeBrain,entropy__sample_entropy,2T_minus_2NT,0.017480210228137495,0.008417094243045133,0.0026771009406563575,0.0339347323521729
VP024,2,WholeBrain,entropy__mse,2T_minus_2NT,0.002431667295310092,0.009190608664098291,-0.015700944863345855,0.021141165040321735
VP024,2,WholeBrain,sensitivity__mse__scale1,2T_minus_2NT,0.017480210228137495,0.008417094243045133,0.0026771009406563575,0.0339347323521729
VP024,2,WholeBrain,sensitivity__mse__scale2,2T_minus_2NT,0.003606360708026005,0.012411920483960039,-0.019802578658829794,0.028420995335900843
VP024,2,WholeBrain,sensitivity__mse__scale3,2T_minus_2NT,-0.01194445740002238,0.014112985812266445,-0.04026158804499895,0.01654724232074188
VP024,2,WholeBrain,sensitivity__mse__scale4,2T_minus_2NT,8.592422410495625e-06,0.013118802841613379,-0.02419542549987951,0.024659105956911252
VP024,2,WholeBrain,sensitivity__mse__scale5,2T_minus_2NT,,,,
VP024,3,Central,entropy__sample_entropy,3T_minus_3NT,-0.016608715581348014,0.00991782873685077,-0.036330603661004726,0.002854264704849094
VP024,3,Central,entropy__mse,3T_minus_3NT,-0.015950320039974684,0.015036520029512538,-0.04712975082125899,0.012834462653864913
VP024,3,Central,sensitivity__mse__scale1,3T_minus_3NT,-0.016608715581348014,0.00991782873685077,-0.036330603661004726,0.002854264704849094
VP024,3,Central,sensitivity__mse__scale2,3T_minus_3NT,-0.03159021167916082,0.0242027175887428,-0.07900993139945135,0.012439583831014879
VP024,3,Central,sensitivity__mse__scale3,3T_minus_3NT,-0.0665044207513752,0.03203845118463634,-0.1309198473759387,-0.003031224506737562
VP024,3,Central,sensitivity__mse__scale4,3T_minus_3NT,0.06294679298749438,0.033182688984443945,-0.0022092174069501696,0.12762867474385808
VP024,3,Central,sensitivity__mse__scale5,3T_minus_3NT,,,,
VP024,3,Frontal,entropy__sample_entropy,3T_minus_3NT,-0.003305816812356175,0.016550516721508333,-0.034789310376939823,0.029348073860796377
VP024,3,Frontal,entropy__mse,3T_minus_3NT,0.0037010295905315314,0.021061690633122614,-0.03740281501939459,0.04493317115726779
VP024,3,Frontal,sensitivity__mse__scale1,3T_minus_3NT,-0.003305816812356175,0.016550516721508333,-0.034789310376939823,0.029348073860796377
VP024,3,Frontal,sensitivity__mse__scale2,3T_minus_3NT,0.006724191296790684,0.02540275311068782,-0.04133875805609989,0.05503997945024935
VP024,3,Frontal,sensitivity__mse__scale3,3T_minus_3NT,0.00012251707483459075,0.025589217133450106,-0.04866316126519433,0.05240587492772203
VP024,3,Frontal,sensitivity__mse__scale4,3T_minus_3NT,0.006644214644895308,0.027223801501978315,-0.04448287323470638,0.06158915882695959
VP024,3,Frontal,sensitivity__mse__scale5,3T_minus_3NT,,,,
VP024,3,Occipital,entropy__sample_entropy,3T_minus_3NT,0.006274867328896535,0.012273369423842042,-0.01735291533262574,0.032225708017257916
VP024,3,Occipital,entropy__mse,3T_minus_3NT,0.003974079805169114,0.014120218556578874,-0.02369808321204777,0.029789499194378816
VP024,3,Occipital,sensitivity__mse__scale1,3T_minus_3NT,0.006274867328896535,0.012273369423842042,-0.01735291533262574,0.032225708017257916
VP024,3,Occipital,sensitivity__mse__scale2,3T_minus_3NT,-0.0072813696097839475,0.022702371345218724,-0.0528140344081718,0.03373352459580102
VP024,3,Occipital,sensitivity__mse__scale3,3T_minus_3NT,0.04171589981500801,0.029755644648636163,-0.016906781630068177,0.10115712546493674
VP024,3,Occipital,sensitivity__mse__scale4,3T_minus_3NT,-0.009772103666248252,0.030439838956938404,-0.06597926432243112,0.05196163716207992
VP024,3,Occipital,sensitivity__mse__scale5,3T_minus_3NT,,,,
VP024,3,Parietal,entropy__sample_entropy,3T_minus_3NT,0.00522159179434936,0.009603788397425076,-0.014096450574911401,0.023436147178426184
VP024,3,Parietal,entropy__mse,3T_minus_3NT,0.008708080930518601,0.009529547038150543,-0.008892401423532054,0.02737915740921159
VP024,3,Parietal,sensitivity__mse__scale1,3T_minus_3NT,0.00522159179434936,0.009603788397425076,-0.014096450574911401,0.023436147178426184
VP024,3,Parietal,sensitivity__mse__scale2,3T_minus_3NT,-0.013570996587931577,0.016252355111803226,-0.045897606115522495,0.01569168557283461
VP024,3,Parietal,sensitivity__mse__scale3,3T_minus_3NT,0.024332576105872434,0.02031008827457329,-0.0174261673012729,0.06386598317255383
VP024,3,Parietal,sensitivity__mse__scale4,3T_minus_3NT,0.021321418508415915,0.020017264013408288,-0.018927553037771442,0.05970430355080299
VP024,3,Parietal,sensitivity__mse__scale5,3T_minus_3NT,,,,
VP024,3,Temporal,entropy__sample_entropy,3T_minus_3NT,0.013864803108068199,0.010443325604377315,-0.006718193263932898,0.032859458607798965
VP024,3,Temporal,entropy__mse,3T_minus_3NT,0.008127852773557674,0.014452622182677396,-0.0197275921858304,0.0352658159704755
VP024,3,Temporal,sensitivity__mse__scale1,3T_minus_3NT,0.013864803108068199,0.010443325604377315,-0.006718193263932898,0.032859458607798965
VP024,3,Temporal,sensitivity__mse__scale2,3T_minus_3NT,0.09364280696964676,0.024919641818134317,0.0412889996765138,0.14220348975437977
VP024,3,Temporal,sensitivity__mse__scale3,3T_minus_3NT,0.005890374426688123,0.033669967176230796,-0.06211845861406538,0.07093583386638926
VP024,3,Temporal,sensitivity__mse__scale4,3T_minus_3NT,-0.09029336541267376,0.0371512854354466,-0.16280409398094367,-0.0177690651776329
VP024,3,Temporal,sensitivity__mse__scale5,3T_minus_3NT,,,,
VP024,3,WholeBrain,entropy__sample_entropy,3T_minus_3NT,0.0002628000954290963,0.008886299306753085,-0.01659759329404371,0.017657066502902653
VP024,3,WholeBrain,entropy__mse,3T_minus_3NT,0.003550394239758089,0.009558488686400341,-0.014535263542944432,0.02150051570054624
VP024,3,WholeBrain,sensitivity__mse__scale1,3T_minus_3NT,0.0002628000954290963,0.008886299306753085,-0.01659759329404371,0.017657066502902653
VP024,3,WholeBrain,sensitivity__mse__scale2,3T_minus_3NT,0.0008328016641399036,0.013040352184234678,-0.025694016126905438,0.024902923021185183
VP024,3,WholeBrain,sensitivity__mse__scale3,3T_minus_3NT,0.005427869404928812,0.013516868932048488,-0.01987501114427609,0.030873790745665795
VP024,3,WholeBrain,sensitivity__mse__scale4,3T_minus_3NT,0.007991281403342789,0.01500165597632012,-0.021741441297369924,0.03602880892745169
VP024,3,WholeBrain,sensitivity__mse__scale5,3T_minus_3NT,,,,
VP025,2,Central,entropy__sample_entropy,2T_minus_2NT,-0.028287012233551262,0.01431292238834183,-0.0566105611032776,-0.0010095162759683049
VP025,2,Central,entropy__mse,2T_minus_2NT,-0.07859286636773574,0.02089758530700739,-0.11942926003228678,-0.03840319921047056
VP025,2,Central,sensitivity__mse__scale1,2T_minus_2NT,-0.028287012233551262,0.01431292238834183,-0.0566105611032776,-0.0010095162759683049
VP025,2,Central,sensitivity__mse__scale2,2T_minus_2NT,-0.0759510042763232,0.022877348856108995,-0.12167916214256519,-0.02939674284100172
VP025,2,Central,sensitivity__mse__scale3,2T_minus_2NT,-0.09865075253579417,0.02702288278975233,-0.15215782159887212,-0.048511832349230226
VP025,2,Central,sensitivity__mse__scale4,2T_minus_2NT,-0.11171513764925456,0.028770511091622413,-0.1649538710674241,-0.05562569210954904
VP025,2,Central,sensitivity__mse__scale5,2T_minus_2NT,,,,
VP025,2,Frontal,entropy__sample_entropy,2T_minus_2NT,-0.012086225512250385,0.009908765078678187,-0.0312216821133608,0.006657921052365927
VP025,2,Frontal,entropy__mse,2T_minus_2NT,-0.017323889161445696,0.014407302646235381,-0.046015215983933405,0.010438197090846318
VP025,2,Frontal,sensitivity__mse__scale1,2T_minus_2NT,-0.012086225512250385,0.009908765078678187,-0.0312216821133608,0.006657921052365927
VP025,2,Frontal,sensitivity__mse__scale2,2T_minus_2NT,-0.022554102097450644,0.016414915204677995,-0.05361525580017269,0.008089822334634409
VP025,2,Frontal,sensitivity__mse__scale3,2T_minus_2NT,-0.01307693028100955,0.016447694359064097,-0.04518866294283217,0.017282698430210405
VP025,2,Frontal,sensitivity__mse__scale4,2T_minus_2NT,-0.021578298755072233,0.01790145279163247,-0.0569907018278512,0.012871016745757694
VP025,2,Frontal,sensitivity__mse__scale5,2T_minus_2NT,,,,
VP025,2,Occipital,entropy__sample_entropy,2T_minus_2NT,-0.00014106486001723827,0.015114454518896524,-0.028632417003786482,0.030508744089405942
VP025,2,Occipital,entropy__mse,2T_minus_2NT,-0.026154171949521958,0.018945815350999498,-0.06226911891825399,0.012036045518943675
VP025,2,Occipital,sensitivity__mse__scale1,2T_minus_2NT,-0.00014106486001723827,0.015114454518896524,-0.028632417003786482,0.030508744089405942
VP025,2,Occipital,sensitivity__mse__scale2,2T_minus_2NT,-0.019757508356060906,0.022552716801752484,-0.06419399905905349,0.024370443815343177
VP025,2,Occipital,sensitivity__mse__scale3,2T_minus_2NT,-0.021344497277596738,0.032180020246268974,-0.08341639233427235,0.04188396890891056
VP025,2,Occipital,sensitivity__mse__scale4,2T_minus_2NT,-0.06586028286559012,0.034575944702040534,-0.13480015667897216,-0.0009760645968545659
VP025,2,Occipital,sensitivity__mse__scale5,2T_minus_2NT,,,,
VP025,2,Parietal,entropy__sample_entropy,2T_minus_2NT,-0.04871312430199216,0.015320212288811903,-0.07874931722255822,-0.018656611452784688
VP025,2,Parietal,entropy__mse,2T_minus_2NT,-0.10229252057077676,0.017972633626858043,-0.13811883598933852,-0.0675657234268177
VP025,2,Parietal,sensitivity__mse__scale1,2T_minus_2NT,-0.04871312430199216,0.015320212288811903,-0.07874931722255822,-0.018656611452784688
VP025,2,Parietal,sensitivity__mse__scale2,2T_minus_2NT,-0.09453700843374224,0.02284627264946118,-0.1407464904240606,-0.047890850861961994
VP025,2,Parietal,sensitivity__mse__scale3,2T_minus_2NT,-0.144060245192435,0.022528549897267023,-0.1887738217512342,-0.09791561401563377
VP025,2,Parietal,sensitivity__mse__scale4,2T_minus_2NT,-0.12421963927001332,0.022422874906800297,-0.1679159945573768,-0.0802133009333672
VP025,2,Parietal,sensitivity__mse__scale5,2T_minus_2NT,,,,
VP025,2,Temporal,entropy__sample_entropy,2T_minus_2NT,-0.04337491451348872,0.015903918869925468,-0.0733899833838737,-0.01146120682533623
VP025,2,Temporal,entropy__mse,2T_minus_2NT,-0.015313644436661004,0.020128699765926385,-0.05282896284019225,0.02455952678738601
VP025,2,Temporal,sensitivity__mse__scale1,2T_minus_2NT,-0.04337491451348872,0.015903918869925468,-0.0733899833838737,-0.01146120682533623
VP025,2,Temporal,sensitivity__mse__scale2,2T_minus_2NT,-0.0474136441191534,0.02894729797848611,-0.10537794109867529,0.007800336739240798
VP025,2,Temporal,sensitivity__mse__scale3,2T_minus_2NT,-0.006513334981133415,0.034026467237535295,-0.07299509178231182,0.059866233923213934
VP025,2,Temporal,sensitivity__mse__scale4,2T_minus_2NT,0.04199373588337869,0.032321268667909075,-0.021514360434516534,0.10646576863743212
VP025,2,Temporal,sensitivity__mse__scale5,2T_minus_2NT,,,,
VP025,2,WholeBrain,entropy__sample_entropy,2T_minus_2NT,-0.026550023559298672,0.011778882419110398,-0.04845632738803503,-0.002958505250609552
VP025,2,WholeBrain,entropy__mse,2T_minus_2NT,-0.05200228106207132,0.01438871561917829,-0.07917129848499654,-0.022739084354629742
VP025,2,WholeBrain,sensitivity__mse__scale1,2T_minus_2NT,-0.026550023559298672,0.011778882419110398,-0.04845632738803503,-0.002958505250609552
VP025,2,WholeBrain,sensitivity__mse__scale2,2T_minus_2NT,-0.052888608039681914,0.017379044512207207,-0.08536609513797024,-0.016326001910445462
VP025,2,WholeBrain,sensitivity__mse__scale3,2T_minus_2NT,-0.06423900636699793,0.01684486480286533,-0.09621642186712481,-0.031718883987558906
VP025,2,WholeBrain,sensitivity__mse__scale4,2T_minus_2NT,-0.06696398180064447,0.016490695847866135,-0.09837029826788543,-0.03387240484852707
VP025,2,WholeBrain,sensitivity__mse__scale5,2T_minus_2NT,,,,
VP025,3,Central,entropy__sample_entropy,3T_minus_3NT,-0.009270861892594195,0.01253968222816605,-0.034122932370076846,0.015477057043373548
VP025,3,Central,entropy__mse,3T_minus_3NT,-0.002416483104607314,0.019340292213866486,-0.04109324927826249,0.035725805088355315
VP025,3,Central,sensitivity__mse__scale1,3T_minus_3NT,-0.009270861892594195,0.01253968222816605,-0.034122932370076846,0.015477057043373548
VP025,3,Central,sensitivity__mse__scale2,3T_minus_3NT,-0.012811887565480674,0.02083500434203711,-0.05280390518431728,0.027018198427693138
VP025,3,Central,sensitivity__mse__scale3,3T_minus_3NT,-0.007152334704078715,0.024481211006724124,-0.05625318718566612,0.04207081742687417
VP025,3,Central,sensitivity__mse__scale4,3T_minus_3NT,0.022210115392620737,0.030503329701004844,-0.036631188222546456,0.0814291117091893
VP025,3,Central,sensitivity__mse__scale5,3T_minus_3NT,,,,
VP025,3,Frontal,entropy__sample_entropy,3T_minus_3NT,-0.009532107634282085,0.009645934885401448,-0.028250070779859398,0.009733911435419056
VP025,3,Frontal,entropy__mse,3T_minus_3NT,-0.012993270745809568,0.014663547530354273,-0.04030029840519463,0.01572592739328626
VP025,3,Frontal,sensitivity__mse__scale1,3T_minus_3NT,-0.009532107634282085,0.009645934885401448,-0.028250070779859398,0.009733911435419056
VP025,3,Frontal,sensitivity__mse__scale2,3T_minus_3NT,-0.020067787110971822,0.016729999374014724,-0.05212390770561677,0.012645724139808778
VP025,3,Frontal,sensitivity__mse__scale3,3T_minus_3NT,-0.007427474135974222,0.017001768607580826,-0.0400004005041432,0.026666327027381427
VP025,3,Frontal,sensitivity__mse__scale4,3T_minus_3NT,-0.014945714102010262,0.018044083358264424,-0.04996717868036429,0.020285746658784923
VP025,3,Frontal,sensitivity__mse__scale5,3T_minus_3NT,,,,
VP025,3,Occipital,entropy__sample_entropy,3T_minus_3NT,-0.005113205442570412,0.013300957939149502,-0.030197075138218676,0.020598980878404703
VP025,3,Occipital,entropy__mse,3T_minus_3NT,-0.0023971708471269043,0.017961680186199164,-0.036554565090222674,0.03193842731387332
VP025,3,Occipital,sensitivity__mse__scale1,3T_minus_3NT,-0.005113205442570412,0.013300957939149502,-0.030197075138218676,0.020598980878404703
VP025,3,Occipital,sensitivity__mse__scale2,3T_minus_3NT,-0.0064539127549882395,0.019906142604534383,-0.04551310633770563,0.03172442011454902
VP025,3,Occipital,sensitivity__mse__scale3,3T_minus_3NT,0.01873323597974887,0.034981099197658926,-0.04851097405101832,0.0890544018574131
VP025,3,Occipital,sensitivity__mse__scale4,3T_minus_3NT,-0.03432792386591666,0.035419421223967774,-0.10154426806552345,0.03542927789809199
VP025,3,Occipital,sensitivity__mse__scale5,3T_minus_3NT,,,,
VP025,3,Parietal,entropy__sample_entropy,3T_minus_3NT,-0.00672883929705482,0.014214745521323928,-0.034536455764002445,0.0201368165145362
VP025,3,Parietal,entropy__mse,3T_minus_3NT,-0.019269554830486372,0.016956508578567214,-0.05353376606305663,0.014061306714035162
VP025,3,Parietal,sensitivity__mse__scale1,3T_minus_3NT,-0.00672883929705482,0.014214745521323928,-0.034536455764002445,0.0201368165145362
VP025,3,Parietal,sensitivity__mse__scale2,3T_minus_3NT,-0.001038151420510817,0.019787998809298216,-0.03908907543488206,0.03593492370392921
VP025,3,Parietal,sensitivity__mse__scale3,3T_minus_3NT,-0.024932695242644968,0.02159413247308693,-0.06783668186608699,0.016474058431288935
VP025,3,Parietal,sensitivity__mse__scale4,3T_minus_3NT,-0.046985959432062414,0.022489327590135957,-0.09206264361971075,-0.003797668505764519
VP025,3,Parietal,sensitivity__mse__scale5,3T_minus_3NT,,,,
VP025,3,Temporal,entropy__sample_entropy,3T_minus_3NT,0.003929258106592878,0.014127424805378323,-0.024662253974167995,0.031401766158590645
VP025,3,Temporal,entropy__mse,3T_minus_3NT,-0.014550231307634177,0.01722490830547576,-0.04824549416403791,0.01884089238676928
VP025,3,Temporal,sensitivity__mse__scale1,3T_minus_3NT,0.003929258106592878,0.014127424805378323,-0.024662253974167995,0.031401766158590645
VP025,3,Temporal,sensitivity__mse__scale2,3T_minus_3NT,-0.004148044242575607,0.022189033666839997,-0.04826541629151958,0.040817538042996135
VP025,3,Temporal,sensitivity__mse__scale3,3T_minus_3NT,-0.016247875220612756,0.027939531687811093,-0.07283940219655337,0.03788628444933122
VP025,3,Temporal,sensitivity__mse__scale4,3T_minus_3NT,-0.03610355281389717,0.03167989888824942,-0.10018949170125785,0.02181710802456203
VP025,3,Temporal,sensitivity__mse__scale5,3T_minus_3NT,,,,
VP025,3,WholeBrain,entropy__sample_entropy,3T_minus_3NT,-0.007168086551532498,0.010562834623497766,-0.027442906153249246,0.013269700011960584
VP025,3,WholeBrain,entropy__mse,3T_minus_3NT,-0.01285333557674104,0.013452421647688156,-0.039143006299085105,0.012546070304525956
VP025,3,WholeBrain,sensitivity__mse__scale1,3T_minus_3NT,-0.007168086551532498,0.010562834623497766,-0.027442906153249246,0.013269700011960584
VP025,3,WholeBrain,sensitivity__mse__scale2,3T_minus_3NT,-0.010577946801851697,0.015761693433906734,-0.04239497889022287,0.02071024079203589
VP025,3,WholeBrain,sensitivity__mse__scale3,3T_minus_3NT,-0.010222325893435955,0.01573664012429016,-0.04054089760571004,0.020494883407775662
VP025,3,WholeBrain,sensitivity__mse__scale4,3T_minus_3NT,-0.020404218538044645,0.015913584395720888,-0.05249718146999451,0.009977926482570109
VP025,3,WholeBrain,sensitivity__mse__scale5,3T_minus_3NT,,,,
VP026,2,Central,entropy__sample_entropy,2T_minus_2NT,-0.050387775479366445,0.025277622128839265,-0.09699149266533529,-0.0015714471530205044
VP026,2,Central,entropy__mse,2T_minus_2NT,-0.07756243771088261,0.03316063623447786,-0.13904129570092041,-0.008388964683082928
VP026,2,Central,sensitivity__mse__scale1,2T_minus_2NT,-0.050387775479366445,0.025277622128839265,-0.09699149266533529,-0.0015714471530205044
VP026,2,Central,sensitivity__mse__scale2,2T_minus_2NT,-0.08379529731722453,0.03610906829235065,-0.15241239271236406,-0.014066462347671003
VP026,2,Central,sensitivity__mse__scale3,2T_minus_2NT,-0.09625981535050548,0.046634614559990566,-0.18587744276228385,0.005290364368983965
VP026,2,Central,sensitivity__mse__scale4,2T_minus_2NT,-0.06524245851202534,0.03849862294956279,-0.13371355058026724,0.014961701443771167
VP026,2,Central,sensitivity__mse__scale5,2T_minus_2NT,,,,
VP026,2,Frontal,entropy__sample_entropy,2T_minus_2NT,-0.0810319290816757,0.037302469555029284,-0.15175769585011323,-0.006227281661283208
VP026,2,Frontal,entropy__mse,2T_minus_2NT,-0.11824879017011371,0.051204786460055704,-0.21628744767985097,-0.016185942548206562
VP026,2,Frontal,sensitivity__mse__scale1,2T_minus_2NT,-0.0810319290816757,0.037302469555029284,-0.15175769585011323,-0.006227281661283208
VP026,2,Frontal,sensitivity__mse__scale2,2T_minus_2NT,-0.12366969660455278,0.056135199015376044,-0.23352316052128097,-0.012858862996665915
VP026,2,Frontal,sensitivity__mse__scale3,2T_minus_2NT,-0.1103195351741433,0.058606336571316385,-0.21829165347353405,0.007919699389129963
VP026,2,Frontal,sensitivity__mse__scale4,2T_minus_2NT,-0.16538624031247937,0.056238647007253235,-0.2710639364647453,-0.05569973099795531
VP026,2,Frontal,sensitivity__mse__scale5,2T_minus_2NT,,,,
VP026,2,Occipital,entropy__sample_entropy,2T_minus_2NT,-0.0008196886145122699,0.01562252227393613,-0.031143236026259354,0.029587966626930483
VP026,2,Occipital,entropy__mse,2T_minus_2NT,-0.04602381489094603,0.019013541130474276,-0.08177806425286922,-0.010093672485639582
VP026,2,Occipital,sensitivity__mse__scale1,2T_minus_2NT,-0.0008196886145122699,0.01562252227393613,-0.031143236026259354,0.029587966626930483
VP026,2,Occipital,sensitivity__mse__scale2,2T_minus_2NT,-0.04352061387946197,0.025029656062683113,-0.09019828031041505,0.007143462734707806
VP026,2,Occipital,sensitivity__mse__scale3,2T_minus_2NT,-0.0546058350113347,0.029845133936686623,-0.11425479207412578,0.0027527788513509615
VP026,2,Occipital,sensitivity__mse__scale4,2T_minus_2NT,-0.09751809930296831,0.036379292799005654,-0.16805608811987308,-0.028116122844131116
VP026,2,Occipital,sensitivity__mse__scale5,2T_minus_2NT,,,,
VP026,2,Parietal,entropy__sample_entropy,2T_minus_2NT,-0.02455854213830684,0.02106658320677496,-0.06413026720992643,0.016349083069155907
VP026,2,Parietal,entropy__mse,2T_minus_2NT,-0.04401017641088809,0.02459487383776727,-0.09181388452062195,0.0025878039490296323
VP026,2,Parietal,sensitivity__mse__scale1,2T_minus_2NT,-0.02455854213830684,0.02106658320677496,-0.06413026720992643,0.016349083069155907
VP026,2,Parietal,sensitivity__mse__scale2,2T_minus_2NT,-0.034308159806976,0.026779473756898903,-0.08531950704398322,0.018721011827108093
VP026,2,Parietal,sensitivity__mse__scale3,2T_minus_2NT,-0.061165403808342275,0.03088076551758709,-0.12178897735329788,0.0006735085484411377
VP026,2,Parietal,sensitivity__mse__scale4,2T_minus_2NT,-0.06689887364235929,0.03171481564288139,-0.13110099050700316,-0.004098816586664319
VP026,2,Parietal,sensitivity__mse__scale5,2T_minus_2NT,,,,
VP026,2,Temporal,entropy__sample_entropy,2T_minus_2NT,-0.029842035607049986,0.021036901445647804,-0.06977473215752679,0.012469379838683294
VP026,2,Temporal,entropy__mse,2T_minus_2NT,-0.0588296390673279,0.02693038269225096,-0.1108245868501471,-0.008077545681631325
VP026,2,Temporal,sensitivity__mse__scale1,2T_minus_2NT,-0.029842035607049986,0.021036901445647804,-0.06977473215752679,0.012469379838683294
VP026,2,Temporal,sensitivity__mse__scale2,2T_minus_2NT,-0.0679077668025948,0.03446539849034972,-0.13383483103704402,-0.0016396346625128534
VP026,2,Temporal,sensitivity__mse__scale3,2T_minus_2NT,-0.059143136305889556,0.04361761212648285,-0.14469712513458055,0.025633357015634326
VP026,2,Temporal,sensitivity__mse__scale4,2T_minus_2NT,-0.07142334844749552,0.03513650992845142,-0.1386654285153401,-0.004257885616534879
VP026,2,Temporal,sensitivity__mse__scale5,2T_minus_2NT,,,,
VP026,2,WholeBrain,entropy__sample_entropy,2T_minus_2NT,-0.04734587723710449,0.02547378254097064,-0.09551674105905213,0.002679767002038585
VP026,2,WholeBrain,entropy__mse,2T_minus_2NT,-0.07804451126819228,0.03328342862252697,-0.14067878431749253,-0.011195531873215467
VP026,2,WholeBrain,sensitivity__mse__scale1,2T_minus_2NT,-0.04734587723710449,0.02547378254097064,-0.09551674105905213,0.002679767002038585
VP026,2,WholeBrain,sensitivity__mse__scale2,2T_minus_2NT,-0.0781036917181468,0.036213569192032204,-0.14573919261696897,-0.0027046351322338007
VP026,2,WholeBrain,sensitivity__mse__scale3,2T_minus_2NT,-0.08294279713408802,0.038787353996387,-0.15429866604202647,-0.0039020578054405532
VP026,2,WholeBrain,sensitivity__mse__scale4,2T_minus_2NT,-0.10988591098869636,0.036525710179267604,-0.17861649804227372,-0.036359618439792414
VP026,2,WholeBrain,sensitivity__mse__scale5,2T_minus_2NT,,,,
VP026,3,Central,entropy__sample_entropy,3T_minus_3NT,0.016205222883963415,0.026725899072441595,-0.03558206355368912,0.07022186108261919
VP026,3,Central,entropy__mse,3T_minus_3NT,0.0509122937506786,0.03502625786363565,-0.01799299869861336,0.1203897306937231
VP026,3,Central,sensitivity__mse__scale1,3T_minus_3NT,0.016205222883963415,0.026725899072441595,-0.03558206355368912,0.07022186108261919
VP026,3,Central,sensitivity__mse__scale2,3T_minus_3NT,0.05257644859877794,0.03831244995722634,-0.023930742222322485,0.12510327697167517
VP026,3,Central,sensitivity__mse__scale3,3T_minus_3NT,0.06920083916185868,0.04481591841750803,-0.02128972197391724,0.15768966871129123
VP026,3,Central,sensitivity__mse__scale4,3T_minus_3NT,0.06394942170029295,0.0439438974988679,-0.027245435514893515,0.14868583924048542
VP026,3,Central,sensitivity__mse__scale5,3T_minus_3NT,,,,
VP026,3,Frontal,entropy__sample_entropy,3T_minus_3NT,0.02450313999839698,0.03924118289963815,-0.05035752971252412,0.10136600336507513
VP026,3,Frontal,entropy__mse,3T_minus_3NT,0.01917754884746622,0.05343090918535855,-0.08559010857946996,0.12161764043072787
VP026,3,Frontal,sensitivity__mse__scale1,3T_minus_3NT,0.02450313999839698,0.03924118289963815,-0.05035752971252412,0.10136600336507513
VP026,3,Frontal,sensitivity__mse__scale2,3T_minus_3NT,0.034492096021455136,0.05898610072161247,-0.08357241254602343,0.1476384588378174
VP026,3,Frontal,sensitivity__mse__scale3,3T_minus_3NT,0.021658236769416892,0.05943278581407593,-0.09746180133303023,0.13274085784188885
VP026,3,Frontal,sensitivity__mse__scale4,3T_minus_3NT,-0.003134893914213784,0.05891870664261886,-0.1202791693816892,0.10943049048350356
VP026,3,Frontal,sensitivity__mse__scale5,3T_minus_3NT,,,,
VP026,3,Occipital,entropy__sample_entropy,3T_minus_3NT,0.0576161941082409,0.019889458869854583,0.018819253440910417,0.09557511622929858
VP026,3,Occipital,entropy__mse,3T_minus_3NT,0.03855835846395801,0.021746526588471614,-0.005545236922011553,0.07955823383785596
VP026,3,Occipital,sensitivity__mse__scale1,3T_minus_3NT,0.0576161941082409,0.019889458869854583,0.018819253440910417,0.09557511622929858
VP026,3,Occipital,sensitivity__mse__scale2,3T_minus_3NT,0.11808111704787347,0.02765873399692547,0.06151218700282242,0.17203946694659814
VP026,3,Occipital,sensitivity__mse__scale3,3T_minus_3NT,0.006505817334204124,0.031387238588831266,-0.05610333126133883,0.06788264749409324
VP026,3,Occipital,sensitivity__mse__scale4,3T_minus_3NT,-0.02788270211422584,0.035723481026101754,-0.09769554993472093,0.040085734500994126
VP026,3,Occipital,sensitivity__mse__scale5,3T_minus_3NT,,,,
VP026,3,Parietal,entropy__sample_entropy,3T_minus_3NT,0.0455080496355647,0.023136232655806145,0.0012601312127681122,0.09153200135228667
VP026,3,Parietal,entropy__mse,3T_minus_3NT,0.031473830353509154,0.026164665461764894,-0.017148744322150845,0.08477322686992252
VP026,3,Parietal,sensitivity__mse__scale1,3T_minus_3NT,0.0455080496355647,0.023136232655806145,0.0012601312127681122,0.09153200135228667
VP026,3,Parietal,sensitivity__mse__scale2,3T_minus_3NT,0.06784240877565609,0.031112911930520383,0.008635081903733433,0.12906966907250683
VP026,3,Parietal,sensitivity__mse__scale3,3T_minus_3NT,0.017000791744756705,0.03110397061397255,-0.04287259485225232,0.07914777376571758
VP026,3,Parietal,sensitivity__mse__scale4,3T_minus_3NT,-0.008640157741810053,0.031921909659457605,-0.07115397864825122,0.05398167185262887
VP026,3,Parietal,sensitivity__mse__scale5,3T_minus_3NT,,,,
VP026,3,Temporal,entropy__sample_entropy,3T_minus_3NT,0.004077294453354908,0.02023110461940391,-0.03365625934151398,0.04432710047809653
VP026,3,Temporal,entropy__mse,3T_minus_3NT,0.04416346261971609,0.025529035609983552,-0.005713264385478909,0.09515943047742201
VP026,3,Temporal,sensitivity__mse__scale1,3T_minus_3NT,0.004077294453354908,0.02023110461940391,-0.03365625934151398,0.04432710047809653
VP026,3,Temporal,sensitivity__mse__scale2,3T_minus_3NT,0.09904265518732126,0.031838480949572714,0.041698532207266915,0.1654833708502839
VP026,3,Temporal,sensitivity__mse__scale3,3T_minus_3NT,0.05859251502655573,0.03987102566892047,-0.018620776641133333,0.13607675076922046
VP026,3,Temporal,sensitivity__mse__scale4,3T_minus_3NT,0.011205405463713307,0.04285040000276639,-0.07173355611089814,0.09229414124015668
VP026,3,Temporal,sensitivity__mse__scale5,3T_minus_3NT,,,,
VP026,3,WholeBrain,entropy__sample_entropy,3T_minus_3NT,0.03245449380663469,0.027314922924325618,-0.021529102601908146,0.08450404393154713
VP026,3,WholeBrain,entropy__mse,3T_minus_3NT,0.030391299728108903,0.03490373835897579,-0.03968242747045528,0.09854375583393725
VP026,3,WholeBrain,sensitivity__mse__scale1,3T_minus_3NT,0.03245449380663469,0.027314922924325618,-0.021529102601908146,0.08450404393154713
VP026,3,WholeBrain,sensitivity__mse__scale2,3T_minus_3NT,0.06071616937612545,0.03898657683436499,-0.01848882858553768,0.13543773947755092
VP026,3,WholeBrain,sensitivity__mse__scale3,3T_minus_3NT,0.02621077322791006,0.03889304517117829,-0.05154740877794312,0.10153280207849176
VP026,3,WholeBrain,sensitivity__mse__scale4,3T_minus_3NT,0.001035252787102901,0.038340113301775655,-0.07247051386960712,0.07502439214653822
VP026,3,WholeBrain,sensitivity__mse__scale5,3T_minus_3NT,,,,
